"","tempC","windMS","irradiance","rainmm","intensity","solarInsol24","sumrain24","sumrain6","FP","datetime","rockfall"
"1",2.71987821268581,1.28348405149167,0.13738035330744,0.32672294345894,-0.230343862096906,-3.60054719534932,-0.36470594711377,-0.166417926361065,-0.889784741846561,2022-03-24 00:00:36,0
"2",1.07323673336471,1.65567979126073,-0.607403139807374,-0.16211443759413,-0.230343862096906,-3.49433617716199,-0.444768331621105,-0.336253750544413,-0.889784741846561,2022-03-24 01:00:35,0
"3",0.807411288822997,-0.220766478890781,-0.708060986915063,-0.16211443759413,-0.230343862096906,-3.4810702878841,-0.444768331621105,0.0519424190175264,-0.889784741846561,2022-03-24 02:00:36,0
"4",0.728128338454681,1.30748411175523,-0.717170598140591,-0.16211443759413,-0.230343862096906,-3.47988020795483,-0.444768331621105,0.0519424190175264,-0.889784741846561,2022-03-24 03:00:35,0
"5",0.792667643204576,-0.826066700083296,-0.716774690136491,-0.16211443759413,-0.230343862096906,-3.47964809627487,-0.444768331621105,0.0519424190175264,-0.889784741846561,2022-03-24 04:00:35,0
"6",0.463698855171259,-0.44790990638514,-0.716760251066752,-0.16211443759413,-0.230343862096906,-3.47937077922134,-0.444768331621105,0.0519424190175264,-0.889784741846561,2022-03-24 05:00:36,0
"7",0.51209855304444,-0.315286196746924,-0.717358446895427,-0.16211443759413,-0.230343862096906,-3.47915773845872,-0.444768331621105,0.0519424190175264,-0.889784741846561,2022-03-24 06:00:36,0
"8",0.430530433219054,0.400897419754157,-0.716987662305347,0.95522814767003,1.39475929096473,-3.47896975972339,-0.444768331621105,0.0519424190175264,-0.852200309436478,2022-03-24 07:00:35,0
"9",0.297866306788714,-0.234675604725341,-0.716655443191478,-0.16211443759413,-0.230343862096906,-3.47870441516594,-0.627768067637871,-0.336253750544413,-0.672689213763899,2022-03-24 08:00:35,1
"10",0.378535657036842,0.0400783319282126,-0.716863919891306,-0.16211443759413,-0.230343862096906,-3.4784253844159,-0.627768067637871,-0.336253750544413,-0.781808562506094,2022-03-24 09:00:36,1
"11",0.286210986419807,1.09097707460494,-0.716837525308638,-0.16211443759413,-0.230343862096906,-3.4781665277549,-0.627768067637871,-0.336253750544413,-0.65698371521838,2022-03-24 10:00:35,0
"12",0.167888927711666,0.48255996246911,-0.71679798810025,-0.16211443759413,-0.230343862096906,-3.47790034824939,-0.627768067637871,-0.336253750544413,-0.496823853609217,2022-03-24 11:00:35,0
"13",0.124862724545069,-1.11469080143462,-0.716999569652676,-0.16211443759413,-0.230343862096906,-3.47765192075707,-0.627768067637871,-0.336253750544413,-0.438482098689947,2022-03-24 12:00:36,1
"14",-0.141364297892868,0.741028143943823,-0.716451383234005,-0.16211443759413,-0.230343862096906,-3.47736552358576,-0.627768067637871,-0.336253750544413,-0.0786154313414003,2022-03-24 13:00:35,1
"15",-0.242647980147037,-0.525208801779447,-0.606855303695709,-0.16211443759413,-0.230343862096906,-3.46496581227927,-0.627768067637871,-0.336253750544413,0.0586514273207188,2022-03-24 14:00:35,0
"16",-0.288370492045407,0.168338394245782,-0.458155668284082,-0.16211443759413,-0.230343862096906,-3.42414841585291,-0.627768067637871,-0.336253750544413,0.120796723807133,2022-03-24 15:00:36,0
"17",0.00743943541418649,1.70921239321223,1.35781958466146,-0.16211443759413,-0.230343862096906,-3.1673464662658,-0.627768067637871,-0.336253750544413,-0.279897785642199,2022-03-24 16:00:35,0
"18",-0.0938538082184637,1.21023711432368,1.70122599781564,-0.16211443759413,-0.230343862096906,-2.67299283302616,-0.627768067637871,-0.336253750544413,-0.142673917296551,2022-03-24 17:00:35,0
"19",0.0836244991545069,-0.681170232355762,2.44784094137271,-0.16211443759413,-0.230343862096906,-2.05859230489655,-0.627768067637871,-0.336253750544413,-0.382669387580714,2022-03-24 18:00:36,0
"20",0.0997641060312214,2.36894132250245,2.22317470373899,-0.16211443759413,-0.230343862096906,-1.38714708814973,-0.627768067637871,-0.336253750544413,-0.404782603037851,2022-03-24 19:00:35,0
"21",0.234225771616077,-0.769066556957353,0.616250698934995,-0.16211443759413,-0.230343862096906,-0.916946421281759,-0.627768067637871,-0.336253750544413,-0.586580648427018,2022-03-24 20:00:35,0
"22",0.303239801495298,1.78004373989915,2.30198413934694,-0.16211443759413,-0.230343862096906,-0.437945582812829,-0.627768067637871,-0.336253750544413,-0.679901514051374,2022-03-24 21:00:36,0
"23",0.606220762815991,2.31108403436709,0.95131505832722,-0.16211443759413,-0.230343862096906,0.077628046780581,-0.627768067637871,-0.336253750544413,-0.889784741846561,2022-03-24 22:00:35,0
"24",0.842864880232273,1.07504196965723,-0.31939305319947,-0.16211443759413,-0.230343862096906,0.305056144324232,-0.627768067637871,-0.336253750544413,-0.889784741846561,2022-03-24 23:00:35,0
"25",1.43447517377298,0.317520587020379,0.308293373841893,-0.16211443759413,-0.230343862096906,0.461810768781819,-0.627768067637871,-0.336253750544413,-0.889784741846561,2022-03-25 00:00:36,0
"26",0.889476600329419,-0.820339412974947,-0.459143276297147,-0.16211443759413,-0.230343862096906,0.496902400893652,-0.627768067637871,-0.336253750544413,-0.889784741846561,2022-03-25 01:00:35,0
"27",0.0504656385807831,-0.233623654031971,-0.704883672438269,-0.16211443759413,-0.230343862096906,0.513553184085581,-0.627768067637871,-0.336253750544413,-0.337944753413569,2022-03-25 02:00:35,0
"28",-0.0409698238374759,0.365014212769199,-0.716608232586979,-0.16211443759413,-0.230343862096906,0.513733123336631,-0.627768067637871,-0.336253750544413,-0.214040721115514,2022-03-25 03:00:36,0
"29",-0.342153246003653,-1.11469080143462,-0.71653502636639,-0.16211443759413,-0.230343862096906,0.513776122003792,-0.627768067637871,-0.336253750544413,0.19328661954742,2022-03-25 04:00:36,0
"30",-0.759861187723455,-0.822560197772062,-0.716336980599249,-0.16211443759413,-0.230343862096906,0.514126171691626,-0.627768067637871,-0.336253750544413,0.758006791408439,2022-03-25 05:00:35,0
"31",-0.776899564177428,-0.94080724793422,-0.716304234027926,-0.16211443759413,-0.230343862096906,0.514288763829953,-0.627768067637871,-0.336253750544413,0.781982594758937,2022-03-25 06:00:36,0
"32",-0.624510313939823,-0.185155999863364,-0.716677115692344,-0.16211443759413,-0.230343862096906,0.514438813035274,-0.627768067637871,-0.336253750544413,0.574921717355743,2022-03-25 07:00:35,0
"33",-0.785858575814561,-0.936716328571114,-0.716408649456878,-0.16211443759413,-0.230343862096906,0.514500107141696,-0.627768067637871,-0.336253750544413,0.793640297886257,2022-03-25 08:00:35,0
"34",-0.767930991161812,-0.809819906041246,-0.716376106426596,-0.16211443759413,-0.230343862096906,0.514580918802958,-0.627768067637871,-0.336253750544413,0.769844332987441,2022-03-25 09:00:36,0
"35",-0.950792354619848,-1.11469080143462,-0.716433846242592,-0.16211443759413,-0.230343862096906,0.514678934422341,-0.627768067637871,-0.336253750544413,1.01627366367168,2022-03-25 10:00:35,1
"36",-0.940035803828199,-1.11469080143462,-0.716558030852472,-0.16211443759413,-0.230343862096906,0.51450138512964,-0.627768067637871,-0.336253750544413,1.00277472945536,2022-03-25 11:00:36,1
"37",-0.802887390890052,-1.11469080143462,-0.716408552901243,-0.16211443759413,-0.230343862096906,0.514841036522321,-0.627768067637871,-0.336253750544413,0.81620704806549,2022-03-25 12:00:35,1
"38",-0.80020064353676,-1.11469080143462,-0.716362860434562,-0.16211443759413,-0.230343862096906,0.514915849194921,-0.627768067637871,-0.336253750544413,0.813045773848595,2022-03-25 13:00:35,0
"39",-0.645124645945864,-1.08153487402506,-0.643597438296806,-0.16211443759413,-0.230343862096906,0.470069756876449,-0.627768067637871,-0.336253750544413,0.603635554529986,2022-03-25 14:00:36,1
"40",-0.161079860321651,-0.466299562950721,-0.217258471663848,-0.16211443759413,-0.230343862096906,0.533310419901398,-0.627768067637871,-0.336253750544413,-0.0519467804021036,2022-03-25 15:00:35,1
"41",0.11769169068397,-0.319221271562864,0.361721939155382,-0.16211443759413,-0.230343862096906,0.450327788930323,-0.627768067637871,-0.336253750544413,-0.428904687741035,2022-03-25 16:00:35,1
"42",0.286210986419807,-0.511455520492052,0.871619792844931,-0.16211443759413,-0.230343862096906,-0.364774943961791,-0.627768067637871,-0.336253750544413,-0.656854345378632,2022-03-25 17:00:36,0
"43",0.520168356482797,-1.02239186837559,1.69927219080352,-0.16211443759413,-0.230343862096906,0.0758934702452194,-0.627768067637871,-0.336253750544413,-0.889784741846561,2022-03-25 18:00:36,0
"44",0.812383205633359,-0.896781163359841,1.78185806108299,-0.16211443759413,-0.230343862096906,-0.054929110749653,-0.627768067637871,-0.336253750544413,-0.889784741846561,2022-03-25 19:00:35,0
"45",1.04096708098977,-0.56148162013232,2.1502934043369,-0.16211443759413,-0.230343862096906,0.0652446176873473,-0.627768067637871,-0.336253750544413,-0.889784741846561,2022-03-25 20:00:35,0
"46",1.06336939077184,-0.0452855187819317,1.94904021282498,-0.16211443759413,-0.230343862096906,0.195173312268183,-0.627768067637871,-0.336253750544413,-0.889784741846561,2022-03-25 21:00:36,0
"47",1.83335676126277,-0.989742435744325,1.31748811157686,-0.16211443759413,-0.230343862096906,0.196627795626561,-0.627768067637871,-0.336253750544413,-0.889784741846561,2022-03-25 22:00:35,0
"48",2.46620528019404,-1.05445688395498,0.616108472007073,-0.16211443759413,-0.230343862096906,0.339780862655688,-0.627768067637871,-0.336253750544413,-0.889784741846561,2022-03-25 23:00:35,0
"49",2.09599826677016,-0.845508307342247,-0.0521398711838148,-0.16211443759413,-0.230343862096906,0.403042185311189,-0.627768067637871,-0.336253750544413,-0.889784741846561,2022-03-26 00:00:36,0
"50",0.938775067779857,-0.958495604037554,-0.491424279164375,-0.16211443759413,-0.230343862096906,0.359865008924847,-0.627768067637871,-0.336253750544413,-0.889784741846561,2022-03-26 01:00:35,0
"51",0.50851303611389,-0.94739168005198,-0.705099654944765,-0.16211443759413,-0.230343862096906,0.354696304454244,-0.627768067637871,-0.336253750544413,-0.889784741846561,2022-03-26 02:00:36,0
"52",0.422460629780697,-0.789170503541759,-0.716786076136308,-0.16211443759413,-0.230343862096906,0.356254678956101,-0.627768067637871,-0.336253750544413,-0.841271051940716,2022-03-26 03:00:36,0
"53",0.339094970800795,-1.02585940955003,-0.717104397631982,-0.16211443759413,-0.230343862096906,0.356172437050161,-0.627768067637871,-0.336253750544413,-0.728518297345072,2022-03-26 04:00:35,1
"54",0.202845327439906,-1.05005427549754,-0.716641974492304,-0.16211443759413,-0.230343862096906,0.356076375060933,-0.627768067637871,-0.336253750544413,-0.544121467021422,2022-03-26 05:00:35,0
"55",0.336408223447503,-0.440780018352298,-0.716707657980647,-0.16211443759413,-0.230343862096906,0.355998444402155,-0.627768067637871,-0.336253750544413,-0.724792377681778,2022-03-26 06:00:36,0
"56",0.290695272927615,-0.89097595397791,-0.716570846148195,-0.16211443759413,-0.230343862096906,0.355639219784142,-0.627768067637871,-0.336253750544413,-0.66298647578273,2022-03-26 07:00:36,0
"57",0.166100949935632,-1.11469080143462,-0.716609258509307,-0.16211443759413,-0.230343862096906,0.355955395507747,-0.627768067637871,-0.336253750544413,-0.494514465412645,2022-03-26 08:00:35,0
"58",0.177746708926058,-0.6677286401627,-0.717038803760013,-0.16211443759413,-0.230343862096906,0.355860426082884,-0.627768067637871,-0.336253750544413,-0.51005643329351,2022-03-26 09:00:36,1
"59",0.205532074793198,-0.506780184077074,-0.716967325331458,-0.16211443759413,-0.230343862096906,0.355391916743084,-0.627768067637871,-0.336253750544413,-0.547756759518367,2022-03-26 10:00:36,1
"60",0.119479668460004,-0.864365497549326,-0.716693640902047,-0.16211443759413,-0.230343862096906,0.355655223885536,-0.627768067637871,-0.336253750544413,-0.431451253977144,2022-03-26 11:00:35,1
"61",0.0414970655651679,-1.01175547803151,-0.716589109893022,-0.16211443759413,-0.230343862096906,0.355259422319007,-0.627768067637871,-0.336253750544413,-0.325653202756399,2022-03-26 12:00:36,0
"62",0.0388103182118761,-1.01214508939943,-0.716706286195606,-0.16211443759413,-0.230343862096906,0.347191991179622,-0.627768067637871,-0.336253750544413,-0.322174569948176,2022-03-26 13:00:36,1
"63",-0.00152913760142869,-1.11469080143462,-0.628189292780325,-0.16211443759413,-0.230343862096906,0.357214655929255,-0.627768067637871,-0.336253750544413,-0.267766265476796,2022-03-26 14:00:35,0
"64",0.361506841961352,-1.11469080143462,-0.246460111275105,-0.16211443759413,-0.230343862096906,0.181913104996482,-0.627768067637871,-0.336253750544413,-0.758761393833351,2022-03-26 15:00:36,0
"65",0.522855103836089,-0.84585895757337,0.426999616622124,-0.16211443759413,-0.230343862096906,0.0660484963455438,-0.627768067637871,-0.336253750544413,-0.889784741846561,2022-03-26 16:00:36,0
"66",0.565881307002686,0.674989017082256,1.19516871861458,-0.16211443759413,-0.230343862096906,0.402286577675712,-0.627768067637871,-0.336253750544413,-0.889784741846561,2022-03-26 17:00:35,0
"67",0.920847483127109,0.531027616637718,0.715930766867666,-0.16211443759413,-0.230343862096906,0.329725185390304,-0.627768067637871,-0.336253750544413,-0.889784741846561,2022-03-26 18:00:35,0
"68",1.30449779469593,-0.709339134256006,1.0312297654811,-0.16211443759413,-0.230343862096906,-0.45109694330723,-0.627768067637871,-0.336253750544413,-0.889784741846561,2022-03-26 19:00:36,0
"69",1.37441059415241,-0.0332075663765713,1.80563794474037,-0.16211443759413,-0.230343862096906,0.0186919054104093,-0.627768067637871,-0.336253750544413,-0.889784741846561,2022-03-26 20:00:35,0
"70",1.14673504975174,-0.958573526311137,-0.0476067148411724,-0.16211443759413,-0.230343862096906,-0.238866876493095,-0.627768067637871,-0.336253750544413,-0.889784741846561,2022-03-26 21:00:36,0
"71",1.45060521927121,0.0450653574375225,0.90055581266678,-0.16211443759413,-0.230343862096906,-0.874740363337868,-0.627768067637871,-0.336253750544413,-0.889784741846561,2022-03-26 22:00:36,0
"72",0.834795076793915,0.193078716108375,-0.389747582311329,-0.16211443759413,-0.230343862096906,-0.660691358504569,-0.627768067637871,-0.336253750544413,-0.889784741846561,2022-03-26 23:00:35,0
"73",0.766345168245101,-0.27215621831875,-0.571801425639546,-0.16211443759413,-0.230343862096906,-0.82852290301868,-0.627768067637871,-0.336253750544413,-0.889784741846561,2022-03-27 00:00:35,0
"74",0.763084738182921,-0.399364329942949,-0.563688606011427,-0.16211443759413,-0.230343862096906,-0.919934243098362,-0.627768067637871,-0.336253750544413,-0.889784741846561,2022-03-27 01:00:36,0
"75",0.598150959377633,-0.706689776954185,-0.704499392543625,-0.16211443759413,-0.230343862096906,-0.901477922712928,-0.627768067637871,-0.336253750544413,-0.889784741846561,2022-03-27 02:00:35,0
"76",0.490585451461141,-0.618442802121471,-0.716903376288711,-0.16211443759413,-0.230343862096906,-0.901424808418227,-0.627768067637871,-0.336253750544413,-0.889784741846561,2022-03-27 03:00:35,0
"77",0.352538268945736,-0.827352417597415,-0.717026399878968,-0.16211443759413,-0.230343862096906,-0.9016829873413,-0.627768067637871,-0.336253750544413,-0.746623132061854,2022-03-27 04:00:36,0
"78",0.374051370529035,-0.497624316931075,-0.716616790231763,-0.16211443759413,-0.230343862096906,-0.901715354331537,-0.627768067637871,-0.336253750544413,-0.775771102075838,2022-03-27 05:00:36,0
"79",0.335509453870245,-0.256182152234241,-0.716818218564905,-0.16211443759413,-0.230343862096906,-0.901427204178784,-0.627768067637871,-0.336253750544413,-0.723668275956986,2022-03-27 06:00:35,0
"80",0.280827930334742,-0.940144908608764,-0.716694391902508,-0.16211443759413,-0.230343862096906,-0.901452950276105,-0.627768067637871,-0.336253750544413,-0.649635508320641,2022-03-27 07:00:35,0
"81",0.160717893850567,-0.752819762915303,-0.716784941770756,-0.16211443759413,-0.230343862096906,-0.901750564735727,-0.627768067637871,-0.336253750544413,-0.487009264620764,2022-03-27 08:00:36,0
"82",0.120378438037262,-0.869625251016176,-0.716752223305271,-0.16211443759413,-0.230343862096906,-0.901473646209318,-0.627768067637871,-0.336253750544413,-0.432666992671761,2022-03-27 09:00:35,1
"83",0.0719787401640813,-0.760962640504724,-0.716992870011659,-0.16211443759413,-0.230343862096906,-0.901444938518203,-0.559143166631584,-0.336253750544413,-0.367052967357076,2022-03-27 10:00:35,1
"84",0.0639089367257242,-0.273909469474367,-0.716738951868106,-0.16211443759413,-0.230343862096906,-0.901757646456636,-0.536268199629488,-0.336253750544413,-0.355985916607553,2022-03-27 11:00:36,1
"85",0.0119237219219937,-0.874378509704737,-0.716680117498312,-0.16211443759413,-0.230343862096906,-0.901467743834765,-0.536268199629488,-0.336253750544413,-0.285963545724903,2022-03-27 12:00:35,1
"86",0.0181959862058354,-0.33168883533614,-0.71638715143014,-0.16211443759413,-0.230343862096906,-0.901442655304043,-0.536268199629488,-0.336253750544413,-0.294282432498309,2022-03-27 13:00:35,1
"87",0.0737667179401156,-0.775845794759071,-0.5948504387461,-0.16211443759413,-0.230343862096906,-0.959492914448351,-0.536268199629488,-0.336253750544413,-0.369327652094133,2022-03-27 14:00:36,0
"88",0.32744921181037,-0.574650484367841,-0.00341502595512644,-0.16211443759413,-0.230343862096906,-0.867381605570427,-0.536268199629488,-0.336253750544413,-0.712765427876567,2022-03-27 15:00:35,0
"89",0.651034943758621,-0.729754769934744,0.625441935317005,-0.16211443759413,-0.230343862096906,-0.81882855169239,-0.536268199629488,-0.336253750544413,-0.889784741846561,2022-03-27 16:00:35,1
"90",0.910989701912717,-0.337338200170905,1.04008405816339,-0.16211443759413,-0.230343862096906,-1.1819790929742,-0.536268199629488,-0.336253750544413,-0.889784741846561,2022-03-27 17:00:36,1
"91",1.33138439098581,-0.936131911519241,1.56128811304718,-0.16211443759413,-0.230343862096906,-1.08813348959359,-0.536268199629488,-0.336253750544413,-0.889784741846561,2022-03-27 18:00:36,0
"92",1.31166882855703,-0.533468562779241,1.79140346930356,-0.16211443759413,-0.230343862096906,-0.561632111522338,-0.536268199629488,-0.336253750544413,-0.889784741846561,2022-03-27 19:00:35,0
"93",1.73117430943135,-0.22310414709827,2.02713419751099,-0.16211443759413,-0.230343862096906,-0.804751594128447,-0.536268199629488,-0.336253750544413,-0.889784741846561,2022-03-27 20:00:36,0
"94",2.1381257003595,0.808158182635552,1.54821901283629,-0.16211443759413,-0.230343862096906,-0.253769565207221,-0.536268199629488,-0.336253750544413,-0.889784741846561,2022-03-27 21:00:35,0
"95",2.65713644709043,-0.592066112513635,1.38464755942981,-0.16211443759413,-0.230343862096906,-0.0250283955158165,-0.536268199629488,-0.336253750544413,-0.889784741846561,2022-03-27 22:00:35,0
"96",2.16502185802786,-0.403922782947553,0.240158004265656,-0.16211443759413,-0.230343862096906,0.0454532418304715,-0.536268199629488,-0.336253750544413,-0.889784741846561,2022-03-27 23:00:36,0
"97",2.63113905899933,-0.519403592397515,0.11843495483874,-0.16211443759413,-0.230343862096906,0.209757449764169,-0.399018397616914,-0.336253750544413,-0.889784741846561,2022-03-28 00:00:36,0
"98",2.16592062760512,-0.38101363451416,-0.431465520978787,-0.16211443759413,-0.230343862096906,0.333229060930065,1.54535379756122,-0.336253750544413,-0.889784741846561,2022-03-28 01:00:35,0
"99",1.19424553942615,-0.926976044373242,-0.695371481418233,-0.16211443759413,-0.230343862096906,0.34877941751258,1.88847830259266,-0.336253750544413,-0.889784741846561,2022-03-28 02:00:35,0
"100",1.0140709233214,0.095130418214581,-0.716963820686786,-0.16211443759413,-0.230343862096906,0.349543464001715,1.95710320359895,-0.336253750544413,-0.889784741846561,2022-03-28 03:00:36,0
"101",1.01675767067469,-0.358026563807184,-0.716775667304261,-0.16211443759413,-0.230343862096906,0.349798138027864,1.95710320359895,-0.190680186958686,-0.889784741846561,2022-03-28 04:00:35,0
"102",0.942360584710407,-0.717092400477511,-0.716898654401077,-0.16211443759413,-0.230343862096906,0.349794714297139,1.95710320359895,-0.142155665763443,-0.889784741846561,2022-03-28 05:00:35,0
"103",0.87872004953777,-0.159597494128149,-0.716995776848264,-0.16211443759413,-0.230343862096906,0.349464639020779,1.95710320359895,-0.142155665763443,-0.889784741846561,2022-03-28 06:00:36,0
"104",0.823139756425009,-0.602001202395464,-0.716937142222873,-0.16211443759413,-0.230343862096906,0.34969804616418,1.95710320359895,-0.142155665763443,-0.889784741846561,2022-03-28 07:00:35,0
"105",0.837481824147207,-0.447364450470059,-0.716956674011869,-0.16211443759413,-0.230343862096906,0.349652450335023,1.95710320359895,-0.142155665763443,-0.889784741846561,2022-03-28 08:00:36,1
"106",0.802525424418968,-0.386740921622508,-0.717105887927988,0.25688903187993,-0.230343862096906,0.349340617854076,1.95710320359895,-0.142155665763443,-0.889784741846561,2022-03-28 09:00:36,1
"107",0.664487803282044,-0.971157973494786,-0.71689756122309,-0.0224466144361104,-0.230343862096906,0.349566270530409,1.88847830259266,-0.287729229349171,-0.889784741846561,2022-03-28 10:00:35,1
"108",0.826725273355558,-0.796027663617061,-0.717015068045122,-0.16211443759413,-0.230343862096906,0.349546315046035,1.86560333559056,-0.336253750544413,-0.889784741846561,2022-03-28 11:00:35,1
"109",0.697646663855768,-0.0706492188331887,-0.716910682990437,-0.16211443759413,-0.230343862096906,0.349162064999942,1.86560333559056,-0.336253750544413,-0.889784741846561,2022-03-28 12:00:36,0
"110",0.582011352500919,-1.11469080143462,-0.716546332439416,-0.16211443759413,-0.230343862096906,0.349447795621732,1.86560333559056,-0.336253750544413,-0.889784741846561,2022-03-28 13:00:35,1
"111",0.494170968391691,-0.665274088544836,-0.622812847629761,-0.16211443759413,-0.230343862096906,0.346354234329769,1.86560333559056,-0.336253750544413,-0.889784741846561,2022-03-28 14:00:36,0
"112",0.730164912071234,-1.11469080143462,-0.250416963638769,-0.16211443759413,-0.230343862096906,0.0898004533494659,1.86560333559056,-0.336253750544413,-0.889784741846561,2022-03-28 15:00:36,1
"113",0.860792464885021,-1.01339184577676,-0.322754776616639,-0.16211443759413,-0.230343862096906,0.184670705078078,1.86560333559056,-0.336253750544413,-0.889784741846561,2022-03-28 16:00:35,0
"114",1.12342440901393,-0.156441642048039,1.31316805707056,-0.16211443759413,-0.230343862096906,0.110403831665813,1.86560333559056,-0.336253750544413,-0.889784741846561,2022-03-28 17:00:36,1
"115",1.57789585099497,-0.595027158909788,0.632495591512002,-0.16211443759413,-0.230343862096906,0.0381882711511261,1.86560333559056,-0.0451066233729585,-0.889784741846561,2022-03-28 18:00:35,1
"116",1.68187584198091,-0.910495483510444,2.40727593829253,-0.16211443759413,-0.230343862096906,0.00392084156894156,1.86560333559056,4.07947767822265,-0.889784741846561,2022-03-28 19:00:35,0
"117",1.56892727797935,-0.937729318127692,1.1026591524217,-0.16211443759413,-0.230343862096906,-0.0301785820089933,1.86560333559056,4.80734549615129,-0.889784741846561,2022-03-28 20:00:35,0
"118",1.38248039759077,0.736664496623177,-0.172121107760704,-0.16211443759413,-0.230343862096906,-0.801296555563481,1.86560333559056,4.95291905973701,-0.889784741846561,2022-03-28 21:00:36,1
"119",1.81722671576454,0.826080305559635,0.894465761293629,-0.16211443759413,-0.230343862096906,-0.563990066427856,1.86560333559056,4.95291905973701,-0.889784741846561,2022-03-28 22:00:35,0
"120",1.37172384679912,1.36035437438127,-0.238090480055094,0.67589250135399,5.30516375301928,-0.670587738223186,1.86560333559056,4.95291905973701,-0.889784741846561,2022-03-28 23:00:35,0
"121",1.31077005897977,0.289702335351258,-0.472706281604274,11.7096505308376,5.30516375301928,-0.788172871381781,1.72835353357799,4.66177193256556,-0.889784741846561,2022-03-29 00:00:36,0
"122",1.29912429998935,-0.0678440169842017,-0.510583770388166,1.93290290977617,5.30516375301928,-0.861864906240564,-0.216018661600148,0.537187630969951,-0.889784741846561,2022-03-29 01:00:35,0
"123",0.896647634190519,-1.01008014914948,-0.701929990129747,0.25688903187993,5.30516375301928,-0.873889889118401,-0.559143166631584,-0.190680186958686,-0.889784741846561,2022-03-29 02:00:36,1
"124",0.952218365924798,-0.33484468741625,-0.716924652536005,-0.16211443759413,-0.230343862096906,-0.871998167395762,-0.627768067637871,-0.336253750544413,-0.889784741846561,2022-03-29 03:00:36,0
"125",0.729916316230716,-1.02387239157367,-0.717125139368884,-0.16211443759413,-0.230343862096906,-0.872032283924239,-0.627768067637871,-0.336253750544413,-0.889784741846561,2022-03-29 04:00:35,1
"126",0.0217815031363853,2.41729209326068,-0.716738762272128,-0.16211443759413,-0.230343862096906,-0.872290836986171,-0.627768067637871,-0.336253750544413,-0.298969731783236,2022-03-29 05:00:36,0
"127",-0.291956008975957,2.19353828466718,-0.716470107592931,-0.16211443759413,-0.230343862096906,-0.871977823868577,-0.627768067637871,-0.336253750544413,0.125085466958253,2022-03-29 06:00:35,0
"128",-0.391451713454091,0.295351700186024,-0.716404362239487,-0.16211443759413,-0.230343862096906,-0.871861354917534,-0.627768067637871,-0.336253750544413,0.259989708921963,2022-03-29 07:00:35,0
"129",-0.435376686197946,0.155286413420634,-0.71650845429402,-0.16211443759413,-0.230343862096906,-0.871753438447849,-0.627768067637871,-0.336253750544413,0.319758104123497,2022-03-29 08:00:36,1
"130",-0.380695162662442,-1.11469080143462,-0.716345742455708,-0.16211443759413,-0.230343862096906,-0.871620547181537,-0.627768067637871,-0.336253750544413,0.245435601950209,2022-03-29 09:00:36,1
"131",-0.380695162662442,-1.06466470179435,-0.716808669130135,-0.16211443759413,-0.230343862096906,-0.871527199295867,-0.627768067637871,-0.336253750544413,0.245120262965832,2022-03-29 10:00:35,1
"132",-0.434477916620688,-0.609403818385846,-0.716749747922501,-0.16211443759413,-0.230343862096906,-0.87172249351259,-0.627768067637871,-0.336253750544413,0.318541689830813,2022-03-29 11:00:36,0
"133",-0.486472692802899,-0.945131934118074,-0.716332075059552,-0.16211443759413,-0.230343862096906,-0.871395512158023,-0.627768067637871,-0.336253750544413,0.388202360609587,2022-03-29 12:00:35,0
"134",-0.732974591433573,-0.794040645640695,-0.715357919516388,-0.16211443759413,-0.230343862096906,-0.871201102740301,-0.627768067637871,-0.336253750544413,0.722085839521129,2022-03-29 13:00:35,0
"135",-0.478402889364542,-0.255831502003118,-0.429121662912248,-0.16211443759413,-0.230343862096906,-0.849763055241949,-0.627768067637871,-0.336253750544413,0.377990703240462,2022-03-29 14:00:36,0
"136",0.0271549978429692,-0.485624286799298,0.125486488869531,-0.16211443759413,-0.230343862096906,-0.787121270089376,-0.627768067637871,-0.336253750544413,-0.306404386482783,2022-03-29 15:00:36,0
"137",0.534510424204996,-0.683429978289668,0.87342226211019,-0.16211443759413,-0.230343862096906,-0.614278046224247,-0.627768067637871,-0.336253750544413,-0.889784741846561,2022-03-29 16:00:35,0
"138",1.30001350818812,-1.11469080143462,1.520959331381,-0.16211443759413,-0.230343862096906,-0.459832225597137,-0.627768067637871,-0.336253750544413,-0.889784741846561,2022-03-29 17:00:36,1
"139",0.919948713549851,-0.847261558497864,1.95505780080107,-0.16211443759413,-0.230343862096906,-0.78366058973842,-0.627768067637871,-0.336253750544413,-0.889784741846561,2022-03-29 18:00:36,1
"140",0.726330799300166,-0.665157205134462,2.25488791144293,-0.16211443759413,-0.230343862096906,-0.162907951436823,-0.627768067637871,-0.336253750544413,-0.889784741846561,2022-03-29 19:00:35,0
"141",1.33676744707088,-1.01495029124842,2.27304041788656,-0.16211443759413,-0.230343862096906,-0.0509530460137435,0.401605447456437,-0.336253750544413,-0.889784741846561,2022-03-29 20:00:35,0
"142",0.928917286565466,-0.614975260947029,2.06412947598538,-0.16211443759413,-0.230343862096906,0.323799038232096,0.401605447456437,-0.336253750544413,-0.889784741846561,2022-03-29 21:00:36,0
"143",1.78674504116563,0.0728056868330599,1.62613718609436,-0.16211443759413,-0.230343862096906,0.420148029036591,0.401605447456437,-0.336253750544413,-0.889784741846561,2022-03-29 22:00:36,0
"144",1.99560379271477,1.2247696183469,1.03316774550959,-0.16211443759413,-0.230343862096906,0.87041464383185,0.927729688504639,-0.336253750544413,-0.889784741846561,2022-03-29 23:00:35,0
"145",3.00044730284595,-0.596975215749363,0.326839767147818,-0.16211443759413,-0.230343862096906,1.09821684031667,0.996354589510925,-0.336253750544413,-0.889784741846561,2022-03-30 00:00:36,0
"146",2.08882723290906,-0.663364992842053,-0.404290686988164,-0.16211443759413,-0.230343862096906,1.19780980440298,0.996354589510925,-0.336253750544413,-0.889784741846561,2022-03-30 01:00:35,0
"147",0.741571636599622,-1.11469080143462,-0.694114775250608,-0.16211443759413,-0.230343862096906,1.2103521587279,1.05354200701616,-0.336253750544413,-0.889784741846561,2022-03-30 02:00:35,0
"148",0.433217180572346,-1.11469080143462,-0.716708103610336,-0.16211443759413,-0.230343862096906,1.21123623146317,1.29372916053817,-0.336253750544413,-0.855815725694988,2022-03-30 03:00:36,0
"149",0.457417029508936,-0.367533081184306,-0.716831734778679,-0.16211443759413,-0.230343862096906,1.21129229857309,1.53391631406018,-0.336253750544413,-0.888569003151947,2022-03-30 04:00:35,0
"150",0.322964925302562,-1.11469080143462,-0.716941743379468,-0.16211443759413,-0.230343862096906,1.21130224575557,1.53391631406018,-0.336253750544413,-0.706597925602117,2022-03-30 05:00:36,0
"151",0.444872500941253,-1.11469080143462,-0.716714658569088,-0.16211443759413,-0.230343862096906,1.21125304160316,1.53391631406018,-0.336253750544413,-0.871600394988826,2022-03-30 06:00:35,0
"152",0.284423008643773,-0.908274698713329,-0.716590329166148,-0.16211443759413,-0.230343862096906,1.21120569493202,1.53391631406018,-0.336253750544413,-0.654499814295201,2022-03-30 07:00:35,0
"153",0.338205762602019,-1.11469080143462,-0.716538568860073,-0.16211443759413,-0.230343862096906,1.21118192453553,1.53391631406018,-0.336253750544413,-0.727225206267111,2022-03-30 08:00:36,1
"154",0.218086164739362,-0.955183907410278,-0.716830735879427,-0.16211443759413,-0.230343862096906,1.21112519290711,1.60254121506646,-0.336253750544413,-0.564833308844722,2022-03-30 09:00:35,0
"155",0.0612221893724324,-1.0639634013321,-0.716738939777971,-0.16211443759413,-0.230343862096906,1.21107961242842,1.60254121506646,-0.336253750544413,-0.352498860385323,2022-03-30 10:00:35,1
"156",0.0280537674202269,-0.740196354594862,-0.716745301293119,-0.16211443759413,-0.230343862096906,1.21108777227807,1.60254121506646,-0.336253750544413,-0.307458750676742,2022-03-30 11:00:36,1
"157",0.00654066583692838,-0.110662306318044,-0.716784272612427,-0.16211443759413,-0.230343862096906,1.21103854406518,1.60254121506646,-0.336253750544413,-0.27868204694758,2022-03-30 12:00:35,1
"158",-0.0293145034685688,-0.725079433519766,-0.715462161953141,-0.16211443759413,-0.230343862096906,1.21097734897659,1.60254121506646,-0.336253750544413,-0.22999855912707,2022-03-30 13:00:35,1
"159",0.0432946047196838,-0.881547358874371,-0.487467116961681,-0.16211443759413,-0.230343862096906,1.20454749492976,1.60254121506646,1.8473497032415,-0.328086031341735,2022-03-30 14:00:36,1
"160",0.168787697288924,0.251052887654105,0.0752149119717088,-0.16211443759413,-0.230343862096906,1.19260221969043,1.60254121506646,1.8473497032415,-0.498039930102858,2022-03-30 15:00:36,1
"161",0.299654284564748,-0.189441724910427,-0.0641639447522879,-0.16211443759413,-0.230343862096906,1.0839916714282,1.60254121506646,1.8473497032415,-0.675168062076112,2022-03-30 16:00:35,0
"162",0.835693846371173,-0.97333979715511,1.22037369510796,-0.16211443759413,-0.230343862096906,0.94770537057969,1.60254121506646,2.96341369073207,-0.889784741846561,2022-03-30 17:00:35,0
"163",0.938775067779857,0.575482273716802,0.823350657672021,-0.16211443759413,-0.230343862096906,0.790293729384382,1.60254121506646,3.1089872543178,-0.889784741846561,2022-03-30 18:00:36,0
"164",1.17900470212669,-0.760845757094349,2.33431495822819,6.12293760451677,1.90260402629649,0.674600235778166,1.60254121506646,3.1089872543178,-0.889784741846561,2022-03-30 19:00:35,0
"165",1.45687748355505,-0.799806893885835,2.44014181560162,-0.16211443759413,1.90260402629649,0.701712467609564,0.573167699972155,1.04669510352,-0.889784741846561,2022-03-30 20:00:35,0
"166",1.2094863767256,-0.530312710699131,0.960249771120733,-0.16211443759413,1.90260402629649,0.59866064439541,0.573167699972155,1.55620257607004,-0.889784741846561,2022-03-30 21:00:36,0
"167",0.886789852976127,1.50587422029747,0.308854439534051,3.05024549504033,1.90260402629649,0.332308050264452,0.573167699972155,2.06571004862009,-0.889784741846561,2022-03-30 22:00:35,1
"168",0.518370817328282,2.50885076472067,-0.183437233574789,0.25688903187993,1.90260402629649,0.0537661209112298,0.0470434589239528,0.949646061129512,-0.889784741846561,2022-03-30 23:00:35,0
"169",0.357022555453544,0.337429727920828,-0.38970785337043,-0.16211443759413,1.90260402629649,-0.158893478931984,-0.0215814420823344,0.804072497543784,-0.752692262947604,2022-03-31 00:00:36,0
"170",0.329237189586404,2.24672023638756,-0.634452175527268,0.18705512030092,1.90260402629649,-0.300100797639741,-0.0215814420823344,0.804072497543784,-0.715135458185519,2022-03-31 01:00:36,0
"171",0.0307405147735187,-0.862690168667292,-0.687863724631226,1.30439770556508,1.90260402629649,-0.287595598120163,-0.0787688595875737,0.682761194555678,-0.311416457969576,2022-03-31 02:00:35,0
"172",-0.0795117404962649,-0.736572968873254,-0.716568962058785,1.30439770556508,1.90260402629649,-0.286892634624021,-0.318956013109579,0.31882728559136,-0.161877252884287,2022-03-31 03:00:36,0
"173",-0.111781392871212,0.207494336721224,-0.716536227752173,-0.16211443759413,-0.230343862096906,-0.286844846955452,-0.559143166631584,-0.190680186958686,-0.118631341140704,2022-03-31 04:00:35,0
"174",-0.186178478835499,0.827638751031295,-0.716581449621815,-0.16211443759413,-0.230343862096906,-0.286772794280302,-0.559143166631584,-0.190680186958686,-0.0177544000349928,2022-03-31 05:00:35,0
"175",-0.179007444974399,-0.371818806231369,-0.716399051883819,-0.16211443759413,-0.230343862096906,-0.287000823573423,-0.559143166631584,-0.190680186958686,-0.0272176025706618,2022-03-31 06:00:36,0
"176",-0.161079860321651,-0.895729212666471,-0.716653242465676,-0.16211443759413,-0.230343862096906,-0.286992488416676,-0.559143166631584,-0.190680186958686,-0.0517139829690843,2022-03-31 07:00:36,0
"177",-0.254303300515944,-0.967339782089221,-0.716522450302986,0.25688903187993,-0.230343862096906,-0.286675827625612,-0.559143166631584,-0.190680186958686,0.074153775688168,2022-03-31 08:00:35,0
"178",-0.352336114086414,-0.90644352528413,-0.716450220399955,-0.16211443759413,-0.230343862096906,-0.286632125298106,-0.627768067637871,-0.336253750544413,0.20706450748068,2022-03-31 09:00:35,0
"179",-0.362767578009693,0.280078934563761,-0.716645753419235,-0.16211443759413,-0.230343862096906,-0.286862833410081,-0.627768067637871,-0.336253750544413,0.221487357969177,2022-03-31 10:00:36,0
"180",-0.392350483031349,-0.686507908096196,-0.716430438576096,-0.16211443759413,-0.230343862096906,-0.28653523295369,-0.627768067637871,-0.336253750544413,0.260886065824708,2022-03-31 11:00:35,0
"181",-0.443446489636303,-0.0314153540841628,-0.716201899741854,-0.16211443759413,-0.230343862096906,-0.286436481326218,-0.627768067637871,-0.336253750544413,0.330341027777425,2022-03-31 12:00:35,1
"182",-0.561758986965962,0.140286375755912,-0.71451789398458,-0.16211443759413,-0.230343862096906,-0.311913892814075,-0.627768067637871,-0.336253750544413,0.490806658596428,2022-03-31 13:00:36,0
"183",-0.515147266868816,-1.11469080143462,-0.454805350234163,-0.16211443759413,-0.230343862096906,-0.282587834548556,-0.627768067637871,-0.336253750544413,0.426989598323916,2022-03-31 14:00:35,1
"184",-0.317943835688581,-0.798443254098133,-0.0969557186741891,-0.16211443759413,-0.230343862096906,-0.297930472469127,-0.627768067637871,-0.336253750544413,0.160530176122993,2022-03-31 15:00:35,0
"185",-0.358283291501886,1.19375655346088,-0.0309225426470614,-0.16211443759413,-0.230343862096906,-0.598212401761269,-0.627768067637871,-0.336253750544413,0.21541822708343,2022-03-31 16:00:36,0
"186",-0.14046552831561,0.893522033345696,0.0832640652200009,-0.16211443759413,-0.230343862096906,-0.434569762409741,-0.627768067637871,-0.336253750544413,-0.0798311700360069,2022-03-31 17:00:35,0
"187",0.00564189625967066,-0.19345472199995,2.50150311497995,-0.16211443759413,-0.230343862096906,-0.375174296860364,-0.627768067637871,-0.336253750544413,-0.277296172539276,2022-03-31 18:00:35,0
"188",0.22615596817772,0.6226252492345,0.625429602676176,-0.16211443759413,-0.230343862096906,-1.06128228393772,-0.627768067637871,-0.336253750544413,-0.575574577588908,2022-03-31 19:00:36,0
"189",0.0890075552395721,4.46914140124746,1.09768558196335,-0.16211443759413,-0.230343862096906,-1.24589031521524,-0.627768067637871,-0.336253750544413,-0.390093735816359,2022-03-31 20:00:36,0
"190",0.821351778648974,-1.11469080143462,2.15444753801339,-0.16211443759413,-0.230343862096906,-0.730444890653074,-0.627768067637871,-0.336253750544413,-0.889784741846561,2022-03-31 21:00:35,0
"191",2.17056745754711,-0.0291556081502568,1.92510612109043,-0.16211443759413,-0.230343862096906,-0.592836228335426,-0.627768067637871,-0.336253750544413,-0.889784741846561,2022-03-31 22:00:36,0
"192",-0.218448131210446,0.90883376010475,0.0372942009197076,-0.16211443759413,-0.230343862096906,-0.314013245642598,-0.627768067637871,-0.336253750544413,0.0259079208802674,2022-03-31 23:00:36,0
"193",0.352538268945736,-0.637183108918175,-0.172852649718636,-0.16211443759413,-0.230343862096906,-0.214540261257316,-0.627768067637871,-0.336253750544413,-0.74491362103138,2022-04-01 00:01:20,0
"194",0.189402029294965,0.0530134293429856,-0.457840607196283,-0.16211443759413,-0.230343862096906,-0.127076773015071,-0.627768067637871,-0.336253750544413,-0.530480225981393,2022-04-01 01:00:35,0
"195",-0.214862614279897,0.192143648825379,-0.690333585175307,-0.16211443759413,-0.230343862096906,-0.111391839552192,-0.627768067637871,-0.336253750544413,0.0213095633601565,2022-04-01 02:00:36,0
"196",-0.219346900787704,-0.473273606436397,-0.71641185510279,-0.16211443759413,-0.230343862096906,-0.108169290625305,-0.627768067637871,-0.336253750544413,0.0268693005019104,2022-04-01 03:00:35,0
"197",-0.248031036232102,-0.200896299127124,-0.716561585730113,-0.16211443759413,-0.230343862096906,-0.10815471124965,-0.627768067637871,-0.336253750544413,0.0659349492985833,2022-04-01 04:00:35,0
"198",-0.295541525906506,0.314988113128932,-0.716313652389512,-0.16211443759413,-0.230343862096906,-0.108466260661948,-0.627768067637871,-0.336253750544413,0.130502156993288,2022-04-01 05:00:36,0
"199",-0.338567729073103,0.453261187601913,-0.716411181538309,-0.16211443759413,-0.230343862096906,-0.108099928197352,-0.627768067637871,-0.336253750544413,0.188435250556835,2022-04-01 06:00:36,0
"200",-0.413863584614647,-0.724650861015059,-0.716384672447352,-0.16211443759413,-0.230343862096906,-0.108071825480924,-0.627768067637871,-0.336253750544413,0.28998619415323,2022-04-01 07:00:35,0
"201",-0.444335697835079,0.871275224237758,-0.716560579047328,-0.16211443759413,-0.230343862096906,-0.108046394467266,-0.627768067637871,-0.336253750544413,0.33154416728709,2022-04-01 08:00:35,0
"202",-0.499017221370583,0.219299561169045,-0.716371137401258,-0.16211443759413,-0.230343862096906,-0.108367401415412,-0.627768067637871,-0.336253750544413,0.405890588506287,2022-04-01 09:00:36,0
"203",-0.574313076912127,0.683287739218842,-0.716364176411772,-0.16211443759413,-0.230343862096906,-0.108002322926375,-0.627768067637871,-0.336253750544413,0.507021417922539,2022-04-01 10:00:35,1
"204",-0.710562720273017,-1.11469080143462,-0.716376438142395,-0.16211443759413,-0.230343862096906,-0.108341729901799,-0.627768067637871,-0.336253750544413,0.692200867498114,2022-04-01 11:00:36,0
"205",-0.672910011813004,0.560560158325664,-0.716246120535282,-0.16211443759413,-0.230343862096906,-0.108551151542313,-0.627768067637871,-0.336253750544413,0.640815706190857,2022-04-01 12:00:36,1
"206",-0.705189225566433,-0.700845606435462,-0.713628391701332,-0.16211443759413,-0.230343862096906,-0.107871540705816,-0.627768067637871,-0.336253750544413,0.684053665282904,2022-04-01 13:00:35,0
"207",-0.602098442779267,-1.11469080143462,-0.427991742234418,-0.16211443759413,-0.230343862096906,-0.104816712853949,-0.627768067637871,-0.336253750544413,0.545004402872807,2022-04-01 14:00:35,1
"208",-0.248031036232102,-1.11469080143462,-0.0442214370427264,-0.16211443759413,-0.230343862096906,-0.239947109844949,-0.627768067637871,-0.336253750544413,0.0662004269905587,2022-04-01 15:00:36,0
"209",0.270080940921574,-0.515780206675907,0.158417016185663,-0.16211443759413,-0.230343862096906,-0.0695038934197272,-0.490518265625297,-0.336253750544413,-0.63516508566717,2022-04-01 16:00:35,0
"210",0.124862724545069,-0.82591085553613,1.96166228790117,-0.16211443759413,-0.230343862096906,0.15794327031207,0.287230612445958,-0.336253750544413,-0.438607425722204,2022-04-01 17:00:35,0
"211",0.547953722349937,-0.402442259749477,3.07507614013206,-0.16211443759413,-0.230343862096906,-0.0741597963413584,0.287230612445958,-0.336253750544413,-0.889784741846561,2022-04-01 18:00:36,0
"212",0.189402029294965,-0.307883580756542,0.414224517204632,-0.16211443759413,-0.230343862096906,0.467361138973591,0.847667303997303,-0.336253750544413,-0.526033137740025,2022-04-01 19:00:35,0
"213",0.332172532780214,0.186416361717031,0.057000777803236,-0.16211443759413,-0.230343862096906,0.329683196844556,0.847667303997303,-0.336253750544413,-0.719107112265811,2022-04-01 20:00:35,0
"214",0.569466823933236,1.79313468186109,1.55456410315378,-0.16211443759413,-0.230343862096906,-0.457257352358118,0.847667303997303,-0.336253750544413,-0.889784741846561,2022-04-01 21:00:36,0
"215",0.923534230480401,1.86945954883561,1.19921916173853,-0.16211443759413,-0.230343862096906,0.00352472794967477,0.847667303997303,-0.336253750544413,-0.889784741846561,2022-04-01 22:00:36,0
"216",0.660003516774237,0.713248853411494,0.219741828366389,-0.16211443759413,-0.230343862096906,-0.056327816918931,0.847667303997303,-0.336253750544413,-0.889784741846561,2022-04-01 23:00:35,0
"217",0.680617848780277,1.56283540228662,7.7600333656198e-05,-0.16211443759413,-0.230343862096906,-0.0189422322914505,0.847667303997303,-0.336253750544413,-0.889784741846561,2022-04-02 00:00:36,0
"218",0.563194559649394,-0.127103906044051,-0.478838739610103,-0.16211443759413,-0.230343862096906,-0.0327950918050479,0.847667303997303,-0.336253750544413,-0.889784741846561,2022-04-02 01:00:36,0
"219",0.228842715531012,-0.719118379590669,-0.687201419804033,-0.16211443759413,-0.230343862096906,-0.00310807303845107,0.847667303997303,-0.336253750544413,-0.579383373008983,2022-04-02 02:00:35,0
"220",0.124862724545069,-0.0291556081502568,-0.716823837750602,-0.16211443759413,-0.230343862096906,-0.00280802260557805,0.847667303997303,-0.336253750544413,-0.438607425722204,2022-04-02 03:00:35,0
"221",0.0710799705868235,0.905755830298223,-0.716660866404328,-0.16211443759413,-0.230343862096906,-0.00321405956112037,0.847667303997303,-0.336253750544413,-0.365691349793724,2022-04-02 04:00:36,0
"222",0.0208827335591275,-0.0127140084242502,-0.716595517284056,-0.16211443759413,-0.230343862096906,-0.0029062703760452,0.847667303997303,-0.336253750544413,-0.298082132499929,2022-04-02 05:00:35,0
"223",-0.0562106611369324,0.423923451597925,-0.716712360298413,-0.16211443759413,-0.230343862096906,-0.00297039123140826,0.847667303997303,-0.336253750544413,-0.193606823205699,2022-04-02 06:00:35,0
"224",-0.154807596037809,-0.30546799027547,-0.716496913827429,-0.16211443759413,-0.230343862096906,-0.00335776281303661,0.847667303997303,-0.336253750544413,-0.0599702044295686,2022-04-02 07:00:36,0
"225",-0.237274485440453,-0.658261083922369,-0.716626809111911,-0.16211443759413,-0.230343862096906,-0.00303538817150839,0.847667303997303,-0.336253750544413,0.0511194074423462,2022-04-02 08:00:35,0
"226",-0.207691580418797,-0.0201945466882153,-0.716939729263799,-0.16211443759413,-0.230343862096906,-0.00310529883726866,0.847667303997303,-0.336253750544413,0.0113538139085137,2022-04-02 09:00:35,0
"227",-0.282098227761565,0.747145042420086,-0.716522304044791,-0.16211443759413,-0.230343862096906,-0.00354973817121104,0.847667303997303,-0.0451066233729585,0.112307704913627,2022-04-02 10:00:36,0
"228",-0.328709947858712,0.0601433173758273,-0.716404718344224,-0.16211443759413,-0.230343862096906,-0.00320573718329456,0.996354589510925,1.60472709726528,0.174801419533753,2022-04-02 11:00:35,0
"229",-0.423721365829039,0.564767961099144,-0.716371573649916,-0.16211443759413,-0.230343862096906,-0.00322264417073971,0.996354589510925,1.60472709726528,0.303652029837223,2022-04-02 12:00:35,1
"230",-0.465848799418378,-0.671507870431474,-0.713906000045116,-0.16211443759413,-0.230343862096906,-0.0356474920537589,0.996354589510925,2.79357786654872,0.360999724875884,2022-04-02 13:00:36,0
"231",-0.455991018203986,-0.885872045058225,-0.562469690650879,-0.16211443759413,-0.230343862096906,-0.124115576749844,0.996354589510925,2.79357786654872,0.347314350752484,2022-04-02 14:00:36,0
"232",-0.210378327772089,-1.09552192213321,-0.246690652339149,0.67589250135399,3.04525468079295,-0.0551912171810123,0.996354589510925,2.79357786654872,0.0147377803365087,2022-04-02 15:00:35,0
"233",0.320268616570789,-1.11469080143462,0.304522481378768,4.58659154977855,3.04525468079295,-0.0613425229548372,0.859104787498351,2.50243073937727,-0.703000567217071,2022-04-02 16:00:35,0
"234",0.315793891441463,-0.706222243312687,0.0144942211446328,-0.16211443759413,3.04525468079295,-0.971412987225894,0.0813559094270964,0.852597018739027,-0.696892492415954,2022-04-02 17:00:36,0
"235",0.462800085594002,-0.874690198799069,0.235397161813946,3.25974722977736,3.04525468079295,-0.786050623640442,0.0813559094270964,0.852597018739027,-0.889784741846561,2022-04-02 18:00:35,0
"236",0.769357002466763,-0.942482576816253,3.07436598835586,-0.16211443759413,-0.230343862096906,-1.01525531429951,-0.479080782124249,-0.336253750544413,-0.889784741846561,2022-04-02 19:00:36,0
"237",0.90291989847436,-0.639559738262456,1.49214454587989,-0.16211443759413,-0.230343862096906,-0.69037507747095,-0.479080782124249,-0.336253750544413,-0.889784741846561,2022-04-02 20:00:36,0
"238",0.197471832733322,1.01527558581909,-0.238590086071936,-0.16211443759413,-0.230343862096906,-0.394664444287198,-0.479080782124249,-0.336253750544413,-0.536948919210813,2022-04-02 21:00:35,0
"239",0.0459813520729755,0.811976374041118,-0.405295245571528,-0.16211443759413,-0.230343862096906,-0.768302516303611,-0.479080782124249,-0.336253750544413,-0.331722333642151,2022-04-02 22:00:36,0
"240",0.64117716254423,-0.909053921449159,0.203392216780074,-0.16211443759413,-0.230343862096906,-1.12862882597006,-0.479080782124249,-0.336253750544413,-0.889784741846561,2022-04-02 23:00:36,0
"241",0.00116717113034486,-0.775612027938322,-0.577935152126161,-0.16211443759413,-0.230343862096906,-1.0119202248793,-0.479080782124249,-0.336253750544413,-0.271413481560634,2022-04-03 00:00:35,0
"242",1.24264523729933,0.0855459785638757,-0.240708297065994,-0.16211443759413,-0.230343862096906,-1.04929914884284,-0.479080782124249,-0.336253750544413,-0.889784741846561,2022-04-03 01:00:35,0
"243",-0.0588974084902245,-0.916768226533873,-0.677017038472244,-0.16211443759413,-0.230343862096906,-1.02548897425257,-0.479080782124249,-0.336253750544413,-0.189777138150112,2022-04-03 02:00:36,0
"244",-0.256999609247717,-0.973768369659816,-0.716398607885526,-0.16211443759413,-0.230343862096906,-1.02080087405939,-0.479080782124249,-0.336253750544413,0.07780099177201,2022-04-03 03:00:35,0
"245",-0.386068657369026,-0.721962542576447,-0.716665201458727,-0.16211443759413,-0.230343862096906,-1.02075457284031,-0.399018397616914,-0.336253750544413,0.253023545535418,2022-04-03 04:00:36,0
"246",-0.367251864517501,-1.08352189200143,-0.716417539184677,-0.16211443759413,-0.230343862096906,-1.02103760234746,-0.399018397616914,-0.0208443627753373,0.227246202481511,2022-04-03 05:00:36,0
"247",-0.296430734105282,-0.625962301522227,-0.716463565053274,-0.16211443759413,-0.230343862096906,-1.02068855286406,-0.399018397616914,-0.0208443627753373,0.1311382936506,2022-04-03 06:00:35,0
"248",-0.528600126392238,-0.674118266596503,-0.716273113927256,-0.16211443759413,-0.230343862096906,-1.02063666566265,-0.273206079105387,-0.0208443627753373,0.445557807057813,2022-04-03 07:00:35,0
"249",-0.625409083517081,-0.980664490871909,-0.716540072213917,-0.16211443759413,-0.230343862096906,-1.02087609051892,-0.147393760593861,-0.0208443627753373,0.576952083556816,2022-04-03 08:00:36,0
"250",-0.640640359438056,-0.610105118848093,-0.716442102523132,-0.16211443759413,-0.230343862096906,-1.02053815328518,-0.0101439585812865,-0.0208443627753373,0.596740346906967,2022-04-03 09:00:35,0
"251",-0.724904787995216,0.272637357436588,-0.716128293105911,0.745726412933,1.09005244976567,-1.02044017370715,0.241480678441767,-0.0208443627753373,0.71116702504632,2022-04-03 10:00:35,0
"252",-0.753588923439613,0.500170396298862,-0.716147688154826,-0.16211443759413,-0.230343862096906,-1.02072903701106,0.230043194940719,-0.336253750544413,0.750433466615096,2022-04-03 11:00:36,1
"253",-0.770617738515104,0.286702327818314,-0.716193279018424,-0.16211443759413,-0.230343862096906,-1.02095613745658,0.298668095947006,-0.336253750544413,0.773018745430279,2022-04-03 12:00:36,1
"254",-0.847711133211164,-0.265104252559491,-0.710915931090832,-0.16211443759413,-0.230343862096906,-1.01997249401023,0.401605447456437,-0.336253750544413,0.876838782111776,2022-04-03 13:00:35,1
"255",-0.750003406509064,-0.675832556615329,-0.631276897950454,-0.16211443759413,-0.230343862096906,-1.02721080485469,0.481667831963772,-0.336253750544413,0.745126607980412,2022-04-03 14:00:35,1
"256",-0.430892399690138,-0.211649572881574,-0.0408233861050305,-0.16211443759413,-0.230343862096906,-1.17638689857146,0.481667831963772,-0.336253750544413,0.313688973237732,2022-04-03 15:00:36,0
"257",-0.279401919029792,-0.627754513814636,0.630436737438051,-0.16211443759413,-0.230343862096906,-0.953673622892749,0.481667831963772,-0.336253750544413,0.108103925404778,2022-04-03 16:00:35,1
"258",0.0952798195234138,-0.351247326005465,1.50980572966475,-0.16211443759413,-0.230343862096906,-0.753326716808243,0.481667831963772,-0.336253750544413,-0.398443951652631,2022-04-03 17:00:36,1
"259",0.493272198814434,-0.147870191953912,2.17076554165579,-0.16211443759413,-0.230343862096906,-0.898054036555003,1.12216690802245,-0.336253750544413,-0.889784741846561,2022-04-03 18:00:36,0
"260",0.466385602524552,0.520313304020059,1.48273388878015,-0.16211443759413,-0.230343862096906,-0.338480179996258,1.12216690802245,-0.336253750544413,-0.889784741846561,2022-04-03 19:00:35,1
"261",0.599126219982743,0.185442333297244,1.18842326364526,-0.16211443759413,-0.230343862096906,-0.546923714348735,1.12216690802245,-0.336253750544413,-0.889784741846561,2022-04-03 20:00:35,1
"262",0.556023525788295,0.278013994313813,1.49475805534281,-0.16211443759413,-0.230343862096906,-0.476634962527681,1.12216690802245,-0.336253750544413,-0.889784741846561,2022-04-03 21:00:36,1
"263",0.766670255113471,-0.363598006368366,0.634804332920717,-0.16211443759413,-0.230343862096906,-0.0846111727785715,1.12216690802245,-0.166417926361065,-0.889784741846561,2022-04-03 22:00:35,0
"264",0.288897733773099,1.63358882669996,0.0746288687305413,-0.16211443759413,-0.230343862096906,0.0156795553800145,1.12216690802245,-0.166417926361065,-0.660490647679043,2022-04-03 23:00:36,0
"265",0.0899063248168299,0.0651303428851374,-0.352304742921604,-0.16211443759413,-0.230343862096906,-0.0415355526315705,1.12216690802245,-0.166417926361065,-0.391309812309998,2022-04-04 00:00:36,1
"266",-0.0902682912879142,-0.565182928127511,-0.566335496553222,-0.16211443759413,-0.230343862096906,0.0153519816205205,1.12216690802245,0.100466940212769,-0.147731469469248,2022-04-04 01:00:35,0
"267",-0.193349512696598,-0.771715914259174,-0.686152506805009,-0.16211443759413,-0.230343862096906,-0.0214741308114101,1.12216690802245,0.367351806786602,-0.00780673619830945,2022-04-04 02:00:36,1
"268",-0.227416704226062,0.414572778767968,-0.716646407183649,0.32672294345894,0.805659397979885,-0.0228339078681369,1.12216690802245,0.658498933958057,0.0380428118487162,2022-04-04 03:00:36,1
"269",-0.305399307120898,1.43851041478499,-0.716698177615163,-0.16211443759413,0.805659397979885,-0.0225358160009531,1.04210452351512,1.02243284292238,0.143269813815973,2022-04-04 04:00:35,0
"270",-0.187976017990014,1.67173177961882,-0.716561893426316,-0.16211443759413,0.805659397979885,-0.022555318102924,1.04210452351512,1.31357997009383,-0.0153222470477133,2022-04-04 05:00:35,0
"271",-0.154807596037809,2.34159060447483,-0.716803116403795,0.60605858977498,0.805659397979885,-0.022973386747502,1.04210452351512,1.45915353367956,-0.059970204429545,2022-04-04 06:00:36,0
"272",-0.157494343391101,1.09600306125105,-0.716672804714963,0.60605858977498,0.805659397979885,-0.0230463708020923,0.916292205003591,1.41062901248431,-0.0565653519596688,2022-04-04 07:00:36,0
"273",-0.153010056883293,1.61710826583716,-0.716522983072344,0.67589250135399,0.805659397979885,-0.0227319193685167,0.790479886492064,1.31357997009383,-0.0628625618729095,2022-04-04 08:00:35,0
"274",-0.205903602642763,0.401871448173944,-0.716483608246692,1.37423161714409,0.805659397979885,-0.02311773454254,0.65323008447949,1.02243284292238,0.00918424216626812,2022-04-04 09:00:36,0
"275",-0.156595573813843,0.373001245811454,-0.716842198687525,0.67589250135399,0.805659397979885,-0.0228175781330688,0.401605447456437,0.488663109774708,-0.0580125404848222,2022-04-04 10:00:35,0
"276",-0.182592961904949,0.287949084195641,-0.716757388428322,0.25688903187993,0.805659397979885,-0.022963183550642,0.264355645443862,0.197515982603254,-0.0223648859775555,2022-04-04 11:00:36,0
"277",-0.292854778553215,-0.389351317787538,-0.716737344474776,0.46639076661696,0.805659397979885,-0.0230900701823664,0.195730744437575,1.41062901248432,0.126583530172877,2022-04-04 12:00:36,0
"278",-0.324225661350904,-0.290974447389038,-0.711593864293571,0.32672294345894,0.805659397979885,-0.0232244234734187,0.0927933929281444,1.19226866710572,0.168735659451022,2022-04-04 13:00:35,0
"279",-0.291057239398699,0.15045523245849,-0.610317131626547,-0.16211443759413,0.805659397979885,-0.105030596482405,0.0127310084208093,1.02243284292238,0.124433026107569,2022-04-04 14:00:36,0
"280",-0.14405104524616,0.919937684090323,-0.156981651934424,-0.16211443759413,0.805659397979885,-0.0314833157472583,0.0127310084208093,1.02243284292238,-0.0747547514283668,2022-04-04 15:00:36,0
"281",0.171474444642216,1.34364004669773,0.434904702156556,-0.16211443759413,0.805659397979885,-0.0657522713076527,0.0127310084208093,1.02243284292238,-0.5017830307996,2022-04-04 16:00:35,0
"282",0.41080530941179,-0.155194885670712,0.719326231976579,3.74858461083043,0.805659397979885,-0.17422007570407,0.27579312894491,1.02243284292238,-0.82548301184383,2022-04-04 17:00:36,0
"283",0.482515648022785,1.50275732935415,1.5571575824081,-0.16211443759413,-0.230343862096906,-0.328636109607019,-0.36470594711377,-0.336253750544413,-0.889784741846561,2022-04-04 18:00:36,0
"284",0.506725058337856,-0.580767382844105,0.808200141276197,-0.16211443759413,-0.230343862096906,-0.470261533134259,-0.36470594711377,-0.336253750544413,-0.889784741846561,2022-04-04 19:00:35,0
"285",0.45294230437961,1.95887535777207,1.06041866680621,-0.16211443759413,-0.230343862096906,-1.01156399304278,-0.36470594711377,-0.336253750544413,-0.882512137245729,2022-04-04 20:00:36,0
"286",0.437701467080154,0.281325690941089,1.91607023969771,-0.16211443759413,-0.230343862096906,-0.526289619369924,-0.36470594711377,-0.336253750544413,-0.861892604396694,2022-04-04 21:00:36,0
"287",0.244083552830468,2.00438196554452,0.593674941427853,-0.16211443759413,-0.230343862096906,-0.484490220457025,-0.36470594711377,-0.336253750544413,-0.599999197255954,2022-04-04 22:00:35,0
"288",0.29875551498749,-0.263273079130292,-0.129474995581467,-0.16211443759413,-0.230343862096906,-0.511525554867563,-0.36470594711377,-0.336253750544413,-0.673892353273564,2022-04-04 23:00:35,0
"289",-0.452405501273436,4.11884182035522,0.0144535690546569,-0.16211443759413,-0.230343862096906,-0.493597100223874,-0.36470594711377,-0.336253750544413,0.342805272796258,2022-04-05 00:00:36,0
"290",0.267384632189801,2.17713564607797,-0.0701207982062195,-0.16211443759413,-0.230343862096906,-0.398717074649815,-0.36470594711377,-0.336253750544413,-0.631517869583336,2022-04-05 01:00:35,0
"291",-0.299127042837056,0.973820936272947,-0.652780394362642,-0.16211443759413,-0.230343862096906,-0.340480801199201,-0.36470594711377,-0.336253750544413,0.135070191660406,2022-04-05 02:00:35,1
"292",-0.423721365829039,-0.104973980346487,-0.716671543101608,-0.16211443759413,-0.230343862096906,-0.33681139677806,-0.36470594711377,-0.336253750544413,0.303983540051602,2022-04-05 03:00:36,0
"293",-0.389663735678057,1.27304246683155,-0.716606501642347,-0.16211443759413,-0.230343862096906,-0.336804080996418,-0.36470594711377,-0.336253750544413,0.257251783131202,2022-04-05 04:00:35,0
"294",-0.40220826424574,4.37318012133003,-0.716515151108856,-0.16211443759413,-0.230343862096906,-0.336788858295511,-0.36470594711377,-0.336253750544413,0.274543815893716,2022-04-05 05:00:35,1
"295",-0.434477916620688,1.25983464145924,-0.716378032663086,-0.16211443759413,-0.230343862096906,-0.336736954301617,-0.36470594711377,-0.336253750544413,0.318541689830848,2022-04-05 06:00:36,1
"296",-0.466747568995635,2.46046103282565,-0.716469155238546,-0.16211443759413,-0.230343862096906,-0.336667906708532,-0.36470594711377,-0.336253750544413,0.361520776279888,2022-04-05 07:00:35,0
"297",-0.490058209733449,1.87191410045347,-0.716371189319968,-0.16211443759413,-0.230343862096906,-0.336628729083825,-0.36470594711377,-0.336253750544413,0.393408824655024,2022-04-05 08:00:35,0
"298",-0.504400277455648,0.936807856321036,-0.716449381188633,-0.16211443759413,-0.230343862096906,-0.33660826556164,-0.36470594711377,-0.336253750544413,0.413176133684737,2022-04-05 09:00:36,0
"299",-0.541144654959922,1.42904285854466,-0.716390464484975,-0.16211443759413,-0.230343862096906,-0.336554836292957,-0.36470594711377,-0.336253750544413,0.462155486735102,2022-04-05 10:00:35,0
"300",-0.557284261836636,2.82069570359972,-0.716651336913291,-0.16211443759413,-0.230343862096906,-0.336493476166745,-0.36470594711377,0.221778243200875,0.4847504682883,2022-04-05 11:00:36,0
"301",-0.574313076912127,2.70073436341874,-0.716188014615567,-0.16211443759413,-0.230343862096906,-0.336421399892575,-0.36470594711377,0.221778243200875,0.507409527441772,2022-04-05 12:00:36,0
"302",-0.595826178495425,0.701755318058006,-0.71240337488715,-0.16211443759413,-0.230343862096906,-0.336450005601486,-0.36470594711377,0.221778243200875,0.536121546251021,2022-04-05 13:00:35,0
"303",-0.561768548344444,0.950639059882014,-0.529823619281706,-0.16211443759413,-0.230343862096906,-0.327690158484633,-0.36470594711377,0.221778243200875,0.490436204466714,2022-04-05 14:00:35,1
"304",-0.477504119787285,1.29213342385938,-0.194026204879436,-0.16211443759413,-0.230343862096906,-0.322890055149359,-0.36470594711377,0.221778243200875,0.376774288947832,2022-04-05 15:00:36,0
"305",-0.354697774571336,1.05427568374736,0.0100895468588144,1.4440655287231,2.10574192042919,-0.658579931315886,-0.36470594711377,0.221778243200875,0.210259942522478,2022-04-05 16:00:36,0
"306",-0.272230885168692,0.461443026328125,1.74952430271851,-0.16211443759413,-0.230343862096906,-0.3072303299733,-0.627768067637871,-0.336253750544413,0.0984038826285758,2022-04-05 17:00:35,0
"307",-0.127022230170669,0.816301060224972,0.411906251430233,-0.16211443759413,-0.230343862096906,-0.319883436477083,-0.627768067637871,-0.336253750544413,-0.0977955198876495,2022-04-05 18:00:35,0
"308",0.0280537674202269,1.22839300406851,1.51922238164126,-0.16211443759413,-0.230343862096906,-0.730955374413903,-0.627768067637871,-0.336253750544413,-0.307458750676725,2022-04-05 19:00:36,0
"309",0.0208827335591275,2.08514840211327,0.675862706860502,-0.16211443759413,-0.230343862096906,-0.331727656616155,-0.627768067637871,-0.336253750544413,-0.298082132499946,2022-04-05 20:00:35,0
"310",0.305037340649814,-0.264753602328368,2.52988933639709,-0.16211443759413,-0.230343862096906,-0.306514195643496,-0.627768067637871,-0.336253750544413,-0.682391951745068,2022-04-05 21:00:35,0
"311",-0.267746598660885,0.226039837833971,-0.368069685199481,-0.16211443759413,-0.230343862096906,-0.553529913312617,-0.627768067637871,-0.336253750544413,0.0928838979637458,2022-04-05 22:00:36,0
"312",0.925331769634916,0.560014702410583,1.41058831812571,-0.16211443759413,-0.230343862096906,-0.281021726105803,-0.627768067637871,-0.336253750544413,-0.889784741846561,2022-04-05 23:00:35,0
"313",1.34393848093198,-1.11469080143462,0.752734187709999,-0.16211443759413,-0.230343862096906,-0.0303887915609446,-0.627768067637871,-0.336253750544413,-0.889784741846561,2022-04-06 00:00:36,0
"314",1.91403567288938,-1.00030090381482,-0.257350026104167,-0.16211443759413,-0.230343862096906,-0.0481741043237649,-0.627768067637871,-0.336253750544413,-0.889784741846561,2022-04-06 01:00:36,0
"315",-0.187077248412757,-0.0475842258526293,-0.675460969553727,-0.16211443759413,-0.230343862096906,0.00715541861978116,-0.627768067637871,-0.336253750544413,-0.0167808919908986,2022-04-06 02:00:35,1
"316",-0.399521516892449,0.240572341857195,-0.71637171381007,-0.16211443759413,-0.230343862096906,0.0046920372505457,-0.627768067637871,-0.336253750544413,0.270908523396772,2022-04-06 03:00:35,0
"317",-0.408480528529582,-0.719196301864252,-0.716397744834229,-0.16211443759413,-0.230343862096906,0.00442546292463017,-0.627768067637871,-0.336253750544413,0.283356259386609,2022-04-06 04:00:36,0
"318",-0.397723977737933,-0.988534640503789,-0.716593420616262,-0.16211443759413,-0.230343862096906,0.0047624116696143,-0.627768067637871,-0.336253750544413,0.268154631211621,2022-04-06 05:00:35,0
"319",-0.46495002984112,-0.0542465802439733,-0.716403944884798,-0.16211443759413,-0.230343862096906,0.00475085755536825,-0.627768067637871,-0.336253750544413,0.359436304736957,2022-04-06 06:00:35,0
"320",-0.561768548344444,-1.00591130751279,-0.716312055635892,-0.16211443759413,-0.230343862096906,0.00441185602103846,-0.627768067637871,-0.336253750544413,0.490819599174049,2022-04-06 07:00:36,1
"321",-0.679191837475327,-1.11469080143462,-0.716624641909105,-0.16211443759413,-0.230343862096906,0.00475479326879645,-0.627768067637871,-0.336253750544413,0.648887776871636,2022-04-06 08:00:35,0
"322",-0.638852381662022,-0.748650921278614,-0.716389904569081,-0.16211443759413,-0.230343862096906,0.00473336171775913,-0.627768067637871,-0.336253750544413,0.594734169272293,2022-04-06 09:00:35,1
"323",-0.675606320544777,0.527754881147233,-0.716167781830185,-0.16211443759413,-0.230343862096906,0.00443303189844731,-0.627768067637871,-0.336253750544413,0.644890115860005,2022-04-06 10:00:36,0
"324",-0.739246855717414,-0.811923807427986,-0.716324046074807,-0.16211443759413,-0.230343862096906,0.004824989451953,-0.627768067637871,-0.336253750544413,0.730572501008658,2022-04-06 11:00:36,1
"325",-0.788545323167853,-0.967339782089221,-0.716160516826407,-0.16211443759413,-0.230343862096906,0.00486389861526483,-0.627768067637871,-0.336253750544413,0.796806962513106,2022-04-06 12:00:35,1
"326",-0.758971979524679,-1.07787252716666,-0.705701686104036,-0.16211443759413,-0.230343862096906,-0.0157119282449112,-0.627768067637871,-0.336253750544413,0.757719011793557,2022-04-06 13:00:36,0
"327",-0.606582729287075,-0.788819853310636,-0.528945823724366,-0.16211443759413,-0.230343862096906,-0.0719092122923467,-0.627768067637871,-0.336253750544413,0.551071848357032,2022-04-06 14:00:36,0
"328",-0.429094860535622,-1.03785943968181,-0.295408675312913,-0.16211443759413,-0.230343862096906,-0.00465538227321502,-0.627768067637871,-0.336253750544413,0.31058908500979,2022-04-06 15:00:35,1
"329",-0.350213488063528,0.0398445651074635,1.10096267697338,-0.16211443759413,-0.230343862096906,0.104164921260729,-0.627768067637871,-0.336253750544413,0.204192497038253,2022-04-06 16:00:35,1
"330",-0.135981241807803,0.364312912306953,2.03758143860051,-0.16211443759413,-0.230343862096906,-0.139585812243403,-0.627768067637871,-0.336253750544413,-0.085450201687621,2022-04-06 17:00:36,0
"331",0.201956119241129,-0.279052339530843,1.57124689788415,-0.16211443759413,-0.230343862096906,0.415076657185249,-0.627768067637871,-0.336253750544413,-0.543014679293524,2022-04-06 18:00:35,0
"332",0.0737667179401156,1.13484731463216,2.9461215198245,-0.16211443759413,-0.230343862096906,0.699398305737399,-0.627768067637871,-0.336253750544413,-0.369472183360381,2022-04-06 19:00:35,0
"333",0.0648077063029819,3.04039755396691,2.65378947869588,-0.16211443759413,-0.230343862096906,0.563685744858805,-0.627768067637871,-0.336253750544413,-0.357202330900211,2022-04-06 20:00:36,0
"334",0.252153356268826,2.14246023433355,2.46273172391797,-0.16211443759413,-0.230343862096906,1.28411230654172,-0.627768067637871,-0.336253750544413,-0.610914978726742,2022-04-06 21:00:35,0
"335",1.15659283096613,0.783223055089001,1.98814402575235,-0.16211443759413,-0.230343862096906,1.53574381101463,-0.627768067637871,-0.336253750544413,-0.889784741846561,2022-04-06 22:00:35,0
"336",0.669861297988628,1.44778316534137,-0.37698225553449,-0.16211443759413,-0.230343862096906,1.20249428289673,-0.627768067637871,-0.336253750544413,-0.889784741846561,2022-04-06 23:00:36,0
"337",1.98574601150038,-0.297441996096424,0.561011476488057,-0.16211443759413,-0.230343862096906,1.38061539612945,-0.627768067637871,-0.336253750544413,-0.889784741846561,2022-04-07 00:00:35,0
"338",1.35828054865418,1.10621087909041,-0.313133884598728,-0.16211443759413,-0.230343862096906,1.35339559392144,-0.627768067637871,-0.336253750544413,-0.889784741846561,2022-04-07 01:00:35,0
"339",0.438600236657411,0.472040455535409,-0.667882091694297,-0.16211443759413,-0.230343862096906,1.3432599828207,-0.627768067637871,-0.336253750544413,-0.863101270873401,2022-04-07 02:00:36,0
"340",0.115004943330678,-0.596001187329575,-0.716635040746036,-0.16211443759413,-0.230343862096906,1.3485664840915,-0.627768067637871,-0.336253750544413,-0.42526939524409,2022-04-07 03:00:36,1
"341",0.00475268806089439,0.124857765586484,-0.71655636869546,-0.16211443759413,-0.230343862096906,1.34888141690463,-0.627768067637871,-0.336253750544413,-0.276263502948738,2022-04-07 04:00:35,1
"342",-0.0149724357463697,0.116559043449898,-0.716627896772689,-0.16211443759413,-0.230343862096906,1.34886027414461,-0.627768067637871,-0.336253750544413,-0.249404035089409,2022-04-07 05:00:35,0
"343",-0.111781392871212,-0.707430038553223,-0.716458060121234,-0.16211443759413,-0.230343862096906,1.34848321598069,-0.627768067637871,-0.336253750544413,-0.118202803546529,2022-04-07 06:00:36,0
"344",-0.2604130213656,-0.826417350314419,-0.716346449623565,-0.16211443759413,-0.230343862096906,1.34884068668629,-0.627768067637871,-0.336253750544413,0.082418212133441,2022-04-07 07:00:35,1
"345",-0.426408113182331,-0.664923438313713,-0.716384600360022,-0.16211443759413,-0.230343862096906,1.34886339828568,-0.627768067637871,-0.336253750544413,0.307287322334168,2022-04-07 08:00:35,0
"346",-0.452405501273436,-1.0214178399558,-0.716593146280568,-0.16211443759413,-0.230343862096906,1.34848271786067,-0.627768067637871,-0.336253750544413,0.342805272796258,2022-04-07 09:00:36,0
"347",-0.447022445188371,-0.337922617222777,-0.716423611524358,-0.16211443759413,-0.230343862096906,1.34881685284066,-0.627768067637871,-0.336253750544413,0.334839191950226,2022-04-07 10:00:35,1
"348",-0.504400277455648,-0.0939090174977052,-0.716253693727399,-0.16211443759413,-0.230343862096906,1.34879645476921,-0.627768067637871,-0.336253750544413,0.412814300617362,2022-04-07 11:00:35,1
"349",-0.525014609461689,-0.326662848690038,-0.716416650424751,-0.16211443759413,-0.230343862096906,1.34721484016204,-0.627768067637871,-0.336253750544413,0.441076018950563,2022-04-07 12:00:36,0
"350",-0.623611544362566,-0.974898242626769,-0.696584684966282,-0.16211443759413,-0.230343862096906,1.34974958138092,-0.627768067637871,-0.336253750544413,0.573705978661103,2022-04-07 13:00:35,0
"351",-0.408480528529582,-1.11469080143462,-0.375494111127824,-0.16211443759413,-0.230343862096906,1.36762825117998,-0.627768067637871,-0.336253750544413,0.283030477381246,2022-04-07 14:00:35,0
"352",0.0710799705868235,-0.920586417939439,0.333599487386834,-0.16211443759413,-0.230343862096906,1.20721793380003,-0.627768067637871,-0.336253750544413,-0.365691349793709,2022-04-07 15:00:36,1
"353",0.353437038522994,-1.09474269939738,0.83683110020937,-0.16211443759413,-0.230343862096906,1.4937894687421,-0.627768067637871,-0.336253750544413,-0.747918382897424,2022-04-07 16:00:35,0
"354",0.492382990615657,-0.870560318299172,0.599247881280715,-0.16211443759413,-0.230343862096906,1.30650701921602,-0.627768067637871,-0.336253750544413,-0.889784741846561,2022-04-07 17:00:36,0
"355",0.694959916502476,-1.11469080143462,2.05516582301332,-0.16211443759413,-0.230343862096906,0.546964093968707,-0.627768067637871,-0.336253750544413,-0.889784741846561,2022-04-07 18:00:36,0
"356",1.20500209021779,-0.750326250160648,2.25524371896898,-0.16211443759413,-0.230343862096906,1.17876228134404,-0.627768067637871,-0.336253750544413,-0.889784741846561,2022-04-07 19:00:35,0
"357",1.50797349016001,-0.956664430608354,1.3922893553706,-0.16211443759413,-0.230343862096906,0.963987768362317,-0.433330848120058,-0.336253750544413,-0.889784741846561,2022-04-07 20:00:36,0
"358",1.91313690331213,-0.880651252728166,1.94129532291972,-0.16211443759413,-0.230343862096906,0.767961866044268,1.6597286325717,-0.336253750544413,-0.889784741846561,2022-04-07 21:00:35,1
"359",2.34519647413261,-0.944391672519036,0.94252021953521,-0.16211443759413,-0.230343862096906,0.595622727987011,2.09435300561152,-0.336253750544413,-0.889784741846561,2022-04-07 22:00:35,0
"360",2.35056996883919,-0.561053047627613,1.1740300384566,-0.16211443759413,-0.230343862096906,0.651218811605794,2.09435300561152,-0.336253750544413,-0.889784741846561,2022-04-07 23:00:36,0
"361",1.75985844487574,-0.511377598218469,-0.224635224104998,-0.16211443759413,-0.230343862096906,0.735367337928661,2.09435300561152,-0.336253750544413,-0.889784741846561,2022-04-08 00:00:35,1
"362",2.2573465286449,0.625469412220278,-0.404118531105037,-0.16211443759413,-0.230343862096906,0.638958859136684,2.09435300561152,-0.336253750544413,-0.889784741846561,2022-04-08 01:00:35,0
"363",1.10729436351569,1.07001598301112,-0.656031418545628,-0.16211443759413,-0.230343862096906,0.630253597528419,2.09435300561152,-0.336253750544413,-0.889784741846561,2022-04-08 02:00:36,0
"364",0.848238374938856,0.761989235537642,-0.71709305027585,-0.16211443759413,-0.230343862096906,0.631506518009208,2.09435300561152,-0.336253750544413,-0.889784741846561,2022-04-08 03:00:36,0
"365",0.781012322835669,-0.523338667213455,-0.716807107857032,-0.16211443759413,-0.230343862096906,0.631428594258222,2.09435300561152,-0.336253750544413,-0.889784741846561,2022-04-08 04:00:35,1
"366",0.720957304593582,-0.201987210957285,-0.717066655517011,-0.16211443759413,-0.230343862096906,0.631352765981653,2.16297790661781,-0.336253750544413,-0.889784741846561,2022-04-08 05:00:35,0
"367",0.719159765439066,0.600534284673727,-0.716819835079543,-0.16211443759413,-0.230343862096906,0.631264701968032,2.16297790661781,-0.336253750544413,-0.889784741846561,2022-04-08 06:00:36,0
"368",0.677931101426985,0.35480639492983,-0.716878126011605,-0.16211443759413,-0.230343862096906,0.631166470985629,2.16297790661781,-0.336253750544413,-0.889784741846561,2022-04-08 07:00:35,0
"369",0.694959916502476,1.3277439028868,-0.71688468987898,-0.16211443759413,-0.230343862096906,0.630714459317152,2.16297790661781,-0.336253750544413,-0.889784741846561,2022-04-08 08:00:36,1
"370",0.639379623389715,-0.269039327375431,-0.716735039299411,-0.16211443759413,-0.230343862096906,0.630982300289511,2.16297790661781,-0.336253750544413,-0.889784741846561,2022-04-08 09:00:35,1
"371",0.600837706730925,0.763313914188552,-0.716786848018262,-0.16211443759413,-0.230343862096906,0.630926840967081,2.16297790661781,-0.336253750544413,-0.889784741846561,2022-04-08 10:00:35,1
"372",0.540782688488837,-0.702871585548619,-0.716877576411575,-0.16211443759413,-0.230343862096906,0.630445926065224,3.62697579475193,-0.336253750544413,-0.889784741846561,2022-04-08 11:00:36,0
"373",0.618765291383674,-0.597208982570111,-0.716695962105995,-0.16211443759413,-0.230343862096906,0.630718921326316,3.76422559676451,-0.336253750544413,-0.889784741846561,2022-04-08 12:00:36,0
"374",0.69674789427851,0.137286368222968,-0.706413752155175,-0.16211443759413,-0.230343862096906,0.629607550247224,3.76422559676451,-0.336253750544413,-0.889784741846561,2022-04-08 13:00:35,1
"375",0.824038526002266,-0.0346101673010646,-0.597412212470246,-0.16211443759413,-0.230343862096906,0.450757968225846,3.76422559676451,0.0762046796151476,-0.889784741846561,2022-04-08 14:00:36,0
"376",0.996143338668653,-0.655728610030922,0.0218833596047828,-0.16211443759413,-0.230343862096906,0.545369065957696,3.76422559676451,4.51619836897983,-0.889784741846561,2022-04-08 15:00:35,0
"377",1.35021074521582,1.00136645998453,1.10333670807289,-0.16211443759413,-0.230343862096906,0.540476615543523,3.76422559676451,5.43816427168944,-0.889784741846561,2022-04-08 16:00:35,0
"378",1.75268741101465,1.42128959232316,2.07098290479031,-0.16211443759413,-0.230343862096906,0.73169460690903,3.76422559676451,5.43816427168944,-0.889784741846561,2022-04-08 17:00:36,0
"379",1.7060756909175,-0.287935478719302,1.65610272429791,-0.16211443759413,-0.230343862096906,0.84966285987472,3.76422559676451,5.43816427168944,-0.889784741846561,2022-04-08 18:00:36,0
"380",1.44523172456463,0.413364983527433,0.26278080032144,1.02506205924904,7.82745927183369,0.586725262784139,3.76422559676451,5.43816427168944,-0.889784741846561,2022-04-08 19:00:35,0
"381",1.46584605657067,-0.228831434206619,1.58323419280049,12.6174913813647,7.82745927183369,0.388446068811481,3.5697883772467,5.02570584152988,-0.889784741846561,2022-04-08 20:00:35,0
"382",1.30718454204922,-0.668585785172112,3.12567761465537,2.49157420240825,7.82745927183369,0.0649500635998522,1.47672889655494,0.585712152165193,-0.889784741846561,2022-04-08 21:00:36,0
"383",1.89700685781389,1.01465220763042,2.04288437058497,-0.16211443759413,-0.230343862096906,0.79109827674513,1.04210452351512,-0.336253750544413,-0.889784741846561,2022-04-08 22:00:35,0
"384",1.97767620806202,1.07808093832696,1.29049882696161,-0.16211443759413,-0.230343862096906,0.924812264694739,1.04210452351512,-0.190680186958686,-0.889784741846561,2022-04-08 23:00:35,0
"385",1.73834534329245,0.985820966404725,0.578581345284327,-0.16211443759413,-0.230343862096906,0.93734557623195,1.04210452351512,-0.190680186958686,-0.889784741846561,2022-04-09 00:00:36,0
"386",0.834795076793915,1.41552334407802,-0.492225223194523,-0.16211443759413,-0.230343862096906,1.06342233570202,1.04210452351512,-0.190680186958686,-0.889784741846561,2022-04-09 01:00:36,0
"387",0.079149774025181,1.39051029425788,-0.712956926816048,-0.16211443759413,-0.230343862096906,1.088805867541,1.04210452351512,-0.190680186958686,-0.376898213403952,2022-04-09 02:00:35,0
"388",-0.154807596037809,-0.0981557814079772,-0.716679332383562,-0.16211443759413,-0.230343862096906,1.08259111849671,1.04210452351512,-0.190680186958686,-0.059970204429545,2022-04-09 03:00:36,0
"389",-0.187077248412757,-0.986781389348172,-0.716366427539711,0.25688903187993,-0.230343862096906,1.08268505576127,1.04210452351512,-0.190680186958686,-0.0167808919908986,2022-04-09 04:00:35,0
"390",-0.222932417718254,-0.482974929497477,-0.716542164842146,-0.16211443759413,-0.230343862096906,1.08279120148312,0.97347962250883,2.7693156059511,0.0319753663644919,2022-04-09 05:00:35,0
"391",-0.317054627489805,0.634898007323817,-0.716613381071157,-0.16211443759413,-0.230343862096906,1.08287161024333,0.97347962250883,3.06046273312256,0.159618456551809,2022-04-09 06:00:36,0
"392",-0.348425510287494,-0.759482117306647,-0.716469800045297,-0.16211443759413,-0.230343862096906,1.0829392025539,0.97347962250883,3.06046273312256,0.201470070473017,2022-04-09 07:00:35,0
"393",-0.563556526120478,-0.613650582296118,-0.71610979267383,-0.16211443759413,-0.230343862096906,1.08306936494574,0.97347962250883,3.06046273312256,0.493239487181799,2022-04-09 08:00:36,0
"394",-0.520530322953881,-0.290428991473957,-0.716403629133752,-0.16211443759413,-0.230343862096906,1.08319099849671,0.97347962250883,3.06046273312256,0.434271097101194,2022-04-09 09:00:35,0
"395",-0.539356677183888,-0.17666247204282,-0.716533996415096,8.77662624451915,6.87948243254774,1.0832552533155,0.97347962250883,3.06046273312256,0.460111914029567,2022-04-09 10:00:35,0
"396",-0.563556526120478,-1.03337890895079,-0.716279423574923,0.67589250135399,6.87948243254774,1.08334886944475,-0.490518265625297,-0.0451066233729585,0.493239487181799,2022-04-09 11:00:36,0
"397",-0.557284261836636,-0.556494594623009,-0.716383847900804,-0.16211443759413,-0.230343862096906,1.0834488734057,-0.627768067637871,-0.336253750544413,0.483987049676677,2022-04-09 12:00:35,0
"398",-0.568040812628286,-0.289260157370212,-0.706525466297408,-0.16211443759413,-0.230343862096906,1.08347130810943,-0.627768067637871,-0.336253750544413,0.498922865954243,2022-04-09 13:00:35,0
"399",-0.477504119787285,-0.17377934792025,-0.537875430335578,-0.16211443759413,-0.230343862096906,1.0900084594872,-0.627768067637871,-0.336253750544413,0.376774288947832,2022-04-09 14:00:36,0
"400",-0.115366909801762,0.0592472112296232,-0.0595094999286473,-0.16211443759413,-0.230343862096906,1.08760548145922,-0.627768067637871,-0.336253750544413,-0.113781319752639,2022-04-09 15:00:35,0
"401",0.442673383890516,-0.295221211299309,0.633172816033034,-0.16211443759413,-0.230343862096906,1.02694743225465,-0.627768067637871,-0.336253750544413,-0.868619836063638,2022-04-09 16:00:35,0
"402",0.0683932232335317,-0.194000177915031,0.411552048902817,-0.16211443759413,-0.230343862096906,0.792677893980463,-0.627768067637871,-0.336253750544413,-0.362055047493293,2022-04-09 17:00:36,0
"403",0.106036370315063,-0.480871028110737,0.381768075171954,-0.16211443759413,-0.230343862096906,0.470033865328513,-0.627768067637871,-0.336253750544413,-0.413134504275641,2022-04-09 18:00:36,0
"404",-0.014073666169112,1.01660026447,0.815950757428609,-0.16211443759413,-0.230343862096906,0.390745030563888,-0.627768067637871,-0.336253750544413,-0.250797657313689,2022-04-09 19:00:35,0
"405",0.109621887245613,0.637118792120932,0.840094001647855,-0.16211443759413,-0.230343862096906,-0.30603986527354,-0.627768067637871,-0.336253750544413,-0.417854818024945,2022-04-09 20:00:36,0
"406",-0.115366909801762,2.02779760875621,0.749685436663447,-0.16211443759413,-0.230343862096906,0.026729637569353,-0.536268199629488,-0.336253750544413,-0.113565703353043,2022-04-09 21:00:36,0
"407",0.265596654413767,1.337795876179,1.69551208973145,-0.16211443759413,-0.230343862096906,-0.272692113066795,-0.536268199629488,-0.336253750544413,-0.629099325584476,2022-04-09 22:00:35,0
"408",0.389292207828491,0.848989453993029,1.52022770645845,-0.16211443759413,-0.230343862096906,-0.649074836736787,-0.536268199629488,-0.336253750544413,-0.796366712285338,2022-04-09 23:00:36,0
"409",0.546165744573903,1.49667939201468,0.539190373485608,-0.16211443759413,-0.230343862096906,-0.264763100189356,-0.353268463612723,-0.336253750544413,-0.889784741846561,2022-04-10 00:00:35,0
"410",0.45652782131016,2.05191455243013,-0.249795346878549,-0.16211443759413,-0.230343862096906,-0.242433677468085,-0.353268463612723,-0.336253750544413,-0.887365525843256,2022-04-10 01:00:35,0
"411",-0.392350483031349,0.227481399895256,-0.631450590251501,-0.16211443759413,-0.230343862096906,-0.207490638878445,-0.353268463612723,-0.336253750544413,0.26152550500653,2022-04-10 02:00:36,0
"412",-0.601199673202009,-0.583221934461968,-0.716279193262315,-0.16211443759413,-0.230343862096906,-0.197776883985511,-0.353268463612723,-0.336253750544413,0.543788326379168,2022-04-10 03:00:36,0
"413",-0.779586311530719,-1.01518405806916,-0.716343393014887,-0.16211443759413,-0.230343862096906,-0.197730357934427,-0.353268463612723,-0.336253750544413,0.784688375738072,2022-04-10 04:00:35,0
"414",-0.80020064353676,-0.0542076191071817,-0.716284504374577,-0.16211443759413,-0.230343862096906,-0.198018436529522,-0.353268463612723,-0.336253750544413,0.813518782325208,2022-04-10 05:00:36,0
"415",-0.89790837023886,-0.383701952952772,-0.716120610024198,-0.16211443759413,-0.230343862096906,-0.197616942564557,-0.353268463612723,-0.336253750544413,0.945248813088015,2022-04-10 06:00:36,0
"416",-0.961548905411498,-0.394104576476099,-0.716178985014987,-0.16211443759413,-0.230343862096906,-0.197530790777465,-0.353268463612723,-0.336253750544413,1.0308237278359,2022-04-10 07:00:35,0
"417",-1.03684476095304,-0.737585958429833,-0.716191567298406,-0.16211443759413,-0.230343862096906,-0.197507907529148,-0.353268463612723,-0.336253750544413,1.13323612722717,2022-04-10 08:00:35,0
"418",-1.16502460087557,-0.878859040435758,-0.716112285734384,-0.16211443759413,-0.230343862096906,-0.197827567616287,-0.353268463612723,-0.336253750544413,1.3072794605269,2022-04-10 09:00:36,0
"419",-1.25287454636328,-0.901105849543696,-0.715993974828767,-0.16211443759413,-0.230343862096906,-0.197393327533872,-0.353268463612723,-0.336253750544413,1.42489119896556,2022-04-10 10:00:35,0
"420",-1.41422280823802,-1.00259961088552,-0.716051716883244,-0.16211443759413,-0.230343862096906,-0.197308994840483,-0.353268463612723,-0.336253750544413,1.64384594773218,2022-04-10 11:00:35,0
"421",-1.69209558966638,-0.766962655570612,-0.716023587489675,-0.16211443759413,-0.230343862096906,-0.198689912125981,-0.353268463612723,-0.336253750544413,2.02062879970995,2022-04-10 12:00:36,1
"422",-1.50923422620835,-1.04269062064395,-0.69058741488861,-0.16211443759413,-0.230343862096906,-0.195452582352858,-0.353268463612723,-0.336253750544413,1.7716612615186,2022-04-10 13:00:35,0
"423",-1.11662490300239,-1.11469080143462,-0.24105542097659,-0.16211443759413,-0.230343862096906,-0.161062531822414,-0.353268463612723,-0.336253750544413,1.24118232151367,2022-04-10 14:00:35,0
"424",-0.872809751725012,-1.04085944721475,0.434549743973784,-0.16211443759413,-0.230343862096906,-0.295030365983248,-0.353268463612723,-0.142155665763443,0.911789528479514,2022-04-10 15:00:36,0
"425",-0.80020064353676,-0.747676892858827,1.27926151265603,-0.16211443759413,-0.230343862096906,0.0512834449716537,-0.353268463612723,-0.142155665763443,0.812572765371981,2022-04-10 16:00:35,1
"426",-0.563556526120478,-0.147753308543538,2.22972000849265,-0.16211443759413,-0.230343862096906,0.322368011461085,-0.353268463612723,-0.142155665763443,0.493239487181799,2022-04-10 17:00:36,0
"427",-0.511561749938266,-0.314234246053554,0.367275398038101,-0.16211443759413,-0.230343862096906,0.520729147863113,-0.353268463612723,0.246040503798496,0.422504101614555,2022-04-10 18:00:36,0
"428",-0.0490300658973515,-0.993054132371601,3.00630579671868,-0.16211443759413,-0.230343862096906,0.759955489935713,-0.353268463612723,0.246040503798496,-0.203513182127433,2022-04-10 19:00:35,0
"429",-0.0051146545319786,-0.349688880533806,3.01060531266973,0.39655685503795,0.379069820301207,1.23967969443861,-0.353268463612723,0.246040503798496,-0.262567887046322,2022-04-10 20:00:36,0
"430",0.21539941738607,-0.425312447046079,3.13023492901493,-0.16211443759413,0.379069820301207,1.74018751952929,-0.444768331621105,0.0519424190175264,-0.561107726980456,2022-04-10 21:00:36,0
"431",0.387504230052457,0.423572801366802,2.76170389408348,-0.16211443759413,0.379069820301207,2.11914132047828,-0.444768331621105,0.0519424190175264,-0.794000052779435,2022-04-10 22:00:35,0
"432",1.85845537977662,-0.366286324806978,2.029603108176,0.95522814767003,0.379069820301207,2.29246415678087,-0.444768331621105,0.0519424190175264,-0.889784741846561,2022-04-10 23:00:36,0
"433",-0.425509343605073,0.227169710800925,-0.292283838792204,-0.16211443759413,-0.230343862096906,2.25705083212558,-0.627768067637871,-0.336253750544413,0.305739063621704,2022-04-11 00:00:35,0
"434",-0.655881196737513,-0.398312379249579,-0.647379932933582,-0.16211443759413,-0.230343862096906,2.12188376391015,-0.627768067637871,-0.336253750544413,0.617774937731575,2022-04-11 01:00:35,0
"435",-0.938247826052165,-0.299662780893539,-0.703557709247553,-0.16211443759413,-0.230343862096906,2.07021456300673,-0.627768067637871,-0.336253750544413,1.00035484144765,2022-04-11 02:00:36,0
"436",-1.02430023238536,-0.759131467075524,-0.716113230430762,-0.16211443759413,-0.230343862096906,2.06230225614994,-0.627768067637871,-0.336253750544413,1.1157055688226,2022-04-11 03:00:35,0
"437",-1.14172352151624,-0.774910727476075,-0.716419704238048,-0.16211443759413,-0.230343862096906,2.06231222056494,-0.627768067637871,-0.336253750544413,1.27514190444776,2022-04-11 04:00:35,0
"438",-1.25100051618092,0.417144213796206,-0.715850108302151,-0.16211443759413,-0.230343862096906,2.06235161227192,-0.627768067637871,-0.336253750544413,1.42364113414022,2022-04-11 05:00:36,0
"439",-1.40435546564515,0.853314140176883,-0.71611067694033,-0.16211443759413,-0.230343862096906,2.06240047785057,-0.627768067637871,-0.336253750544413,1.63049498027009,2022-04-11 06:00:36,0
"440",-1.46710679261901,0.837963452281038,-0.716332783170917,-0.16211443759413,-0.230343862096906,2.06238466052888,-0.627768067637871,-0.336253750544413,1.71467674355617,2022-04-11 07:00:35,0
"441",-1.55047245159891,0.579222542848785,-0.715998396592624,-0.16211443759413,-0.230343862096906,2.06197635943974,-0.627768067637871,-0.336253750544413,1.828952964572,2022-04-11 08:00:36,0
"442",-1.55137122117617,0.359871342712723,-0.716096593568595,-0.16211443759413,-0.230343862096906,2.06241183865248,-0.627768067637871,-0.336253750544413,1.82865871287139,2022-04-11 09:00:35,0
"443",-1.5746723005355,0.32593619256734,-0.716279763533562,-0.16211443759413,-0.230343862096906,2.06238225514977,-0.627768067637871,-0.336253750544413,1.86094147581484,2022-04-11 10:00:35,0
"444",-1.69299435924364,-0.296935501318135,-0.715637122379958,-0.16211443759413,-0.230343862096906,2.06195866036741,-0.627768067637871,-0.336253750544413,2.02184521400262,2022-04-11 11:00:36,0
"445",-1.81131641795178,0.0554290198240575,-0.715681998413908,-0.16211443759413,-0.230343862096906,2.06247958765149,-0.627768067637871,-0.336253750544413,2.18113182919342,2022-04-11 12:00:36,1
"446",-1.86509917191003,0.782249026669214,-0.693069871905521,-0.16211443759413,-0.230343862096906,2.06224420878961,-0.627768067637871,-0.336253750544413,2.25302911763382,2022-04-11 13:00:35,1
"447",-1.69209558966638,0.814469886795773,-0.254835613268346,-0.16211443759413,-0.230343862096906,1.88120929797083,-0.627768067637871,-0.336253750544413,2.02062879970995,2022-04-11 14:00:36,0
"448",-1.39629522358527,0.814430925658981,0.652472437144512,-0.16211443759413,-0.230343862096906,2.08281561246207,-0.627768067637871,-0.336253750544413,1.61889205448904,2022-04-11 15:00:35,0
"449",-1.087940767558,-0.524156851086077,1.3855422956059,-0.16211443759413,-0.230343862096906,2.1185664647624,-0.627768067637871,-0.336253750544413,1.20237136958899,2022-04-11 16:00:35,0
"450",-1.17399317389119,0.673625377294554,0.0797210567308328,-0.16211443759413,-0.230343862096906,1.89374391942315,-0.627768067637871,-0.336253750544413,1.3194177222984,2022-04-11 17:00:36,0
"451",-1.37209537464868,0.862742735280423,0.70159698652046,-0.16211443759413,-0.230343862096906,1.69406284122534,-0.627768067637871,-0.336253750544413,1.58684559633881,2022-04-11 18:00:36,0
"452",-1.27976114265317,1.93070645587182,1.6045978926913,-0.16211443759413,-0.230343862096906,1.57670848633262,-0.627768067637871,-0.336253750544413,1.46125989268103,2022-04-11 19:00:35,0
"453",-0.607481498864332,1.80988797068143,1.10240445608642,-0.16211443759413,-0.230343862096906,1.21259658296105,-0.627768067637871,-0.336253750544413,0.552688500591448,2022-04-11 20:00:36,0
"454",-0.447921214765629,0.856392069983411,1.41751142352437,-0.16211443759413,-0.230343862096906,0.814381517160097,-0.627768067637871,-0.336253750544413,0.336395536277675,2022-04-11 21:00:36,0
"455",-0.239961232793745,1.54265353342863,0.971840031817041,-0.16211443759413,-0.230343862096906,0.429287690293284,-0.627768067637871,-0.336253750544413,0.0547536901357929,2022-04-11 22:00:35,0
"456",-0.7159362149796,1.09257448121339,0.490460140395533,-0.16211443759413,-0.230343862096906,0.0629863310720654,-0.627768067637871,-0.336253750544413,0.699032134077871,2022-04-11 23:00:35,0
"457",-1.22150366356559,0.299559502959504,-0.170601938256439,-0.16211443759413,-0.230343862096906,-0.147341150725838,-0.627768067637871,-0.336253750544413,1.38371945230113,2022-04-12 00:00:36,0
"458",-1.34071493047251,3.29278779810215,-0.454553259254735,-0.16211443759413,-0.230343862096906,-0.0581862477912845,-0.627768067637871,-0.336253750544413,1.54371025627851,2022-04-12 01:00:35,0
"459",-1.47966088256517,1.52601712801867,-0.641461660690573,-0.16211443759413,-0.230343862096906,-0.0301534464722787,-0.627768067637871,-0.336253750544413,1.73238666605634,2022-04-12 02:00:35,0
"460",-1.69119682008913,1.23828913281355,-0.716069444569785,-0.16211443759413,-0.230343862096906,-0.0237040885031297,-0.627768067637871,-0.336253750544413,2.01941238541729,2022-04-12 03:00:36,0
"461",-1.70913396612036,2.06274574845817,-0.715774547757519,-0.16211443759413,-0.230343862096906,-0.0232410132003466,-0.627768067637871,-0.336253750544413,2.04205965394722,2022-04-12 04:00:35,0
"462",-1.77904676557684,1.55457564128683,-0.715957453837852,-0.16211443759413,-0.230343862096906,-0.0231819825205044,-0.627768067637871,-0.336253750544413,2.13746950827816,2022-04-12 05:00:35,0
"463",-1.85254508196386,1.52114698591973,-0.715996241936042,-0.16211443759413,-0.230343862096906,-0.0231810775320948,-0.627768067637871,-0.336253750544413,2.23778463210597,2022-04-12 06:00:36,0
"464",-1.92963847665992,1.28375677944921,-0.715943246518196,-0.16211443759413,-0.230343862096906,-0.0231256681008224,-0.627768067637871,-0.336253750544413,2.34032950261939,2022-04-12 07:00:35,0
"465",-1.97356344940378,0.835430978389592,-0.715713443185286,-0.16211443759413,-0.230343862096906,-0.0230514697233638,-0.627768067637871,-0.336253750544413,2.40157352255568,2022-04-12 08:00:36,0
"466",-2.08023018774301,2.06313535982608,-0.715942142288664,-0.16211443759413,-0.230343862096906,-0.0234076812981566,-0.627768067637871,-0.336253750544413,2.54498450348726,2022-04-12 09:00:36,0
"467",-2.15821279063785,1.27491260139755,-0.716039983064887,-0.16211443759413,-0.230343862096906,-0.022959793104247,-0.627768067637871,-0.336253750544413,2.64951513276235,2022-04-12 10:00:35,0
"468",-2.2093087972428,0.841820604823395,-0.715895260526167,-0.16211443759413,-0.230343862096906,-0.0229618125704601,-0.627768067637871,-0.336253750544413,2.72063640340642,2022-04-12 11:00:36,0
"469",-2.25323376998666,-0.24145484252706,-0.715665223578359,-0.16211443759413,-0.230343862096906,-0.0229884940897575,-0.627768067637871,-0.336253750544413,2.77804716624184,2022-04-12 12:00:35,0
"470",-2.31687430515929,0.341403763873559,-0.70249623783777,-0.16211443759413,-0.230343862096906,-0.0240224899220856,-0.627768067637871,-0.336253750544413,2.86517485686583,2022-04-12 13:00:35,0
"471",-2.16090909936962,0.0383640419093869,-0.45339272021255,-0.16211443759413,-0.230343862096906,-0.0469020505553232,-0.627768067637871,-0.336253750544413,2.6551311996886,2022-04-12 14:00:36,0
"472",-1.92785049888389,-0.392507169867648,-0.0343357886747127,-0.16211443759413,-0.230343862096906,-0.144244011903003,-0.627768067637871,-0.336253750544413,2.33791095862053,2022-04-12 15:00:35,0
"473",-1.71092194389639,-0.0571297043665432,0.279471904177538,-0.16211443759413,-0.230343862096906,-0.341417773392863,-0.627768067637871,-0.336253750544413,2.04529349745705,2022-04-12 16:00:35,0
"474",-1.29500197995262,-0.354013566717661,0.523395881466445,-0.16211443759413,-0.230343862096906,-0.414285676412912,-0.627768067637871,-0.336253750544413,1.48319367217052,2022-04-12 17:00:36,0
"475",-1.72347603384255,2.54629241717729,1.54730194393012,-0.16211443759413,-0.230343862096906,-0.272591870387322,-0.627768067637871,-0.336253750544413,2.06145973949957,2022-04-12 18:00:35,0
"476",-1.55853269365879,1.97671955842257,0.937873273209033,-0.16211443759413,-0.230343862096906,-0.252793992815397,-0.627768067637871,-0.336253750544413,1.83910384686523,2022-04-12 19:00:35,0
"477",-1.6723800272376,1.9093167917733,1.03976718932109,-0.16211443759413,-0.230343862096906,-0.333028634872206,-0.627768067637871,-0.336253750544413,1.99394532873679,2022-04-12 20:00:36,0
"478",-1.48593314684902,0.368559676217224,1.63601441032194,-0.16211443759413,-0.230343862096906,-0.315887134041959,-0.627768067637871,-0.336253750544413,1.74087332754387,2022-04-12 21:00:36,0
"479",-0.993818557786445,1.68579675000055,0.89091618811973,-0.16211443759413,-0.230343862096906,-0.300760922144649,-0.627768067637871,-0.336253750544413,1.07447392032868,2022-04-12 22:00:35,0
"480",-1.25646006329383,1.46102995185047,0.386199468778611,-0.16211443759413,-0.230343862096906,-0.321126789138054,-0.627768067637871,-0.336253750544413,1.43038571214646,2022-04-12 23:00:35,0
"481",-1.18653770245887,1.35439332045217,0.0774872807749865,-0.16211443759413,-0.230343862096906,-0.305304695556054,-0.627768067637871,-0.336253750544413,1.33639576008539,2022-04-13 00:00:36,0
"482",-1.64728140872375,0.129688946548628,-0.371528289266399,-0.16211443759413,-0.230343862096906,-0.26890017033184,-0.627768067637871,-0.336253750544413,1.95839355165513,2022-04-13 01:00:35,0
"483",-1.88122921740826,0.427157225951618,-0.607073644906371,-0.16211443759413,-0.230343862096906,-0.255987550464654,-0.627768067637871,-0.336253750544413,2.27572705601783,2022-04-13 02:00:35,0
"484",-2.1007680287212,0.0788836241725317,-0.715679609827654,-0.16211443759413,-0.230343862096906,-0.252161756382045,-0.627768067637871,-0.336253750544413,2.57373496670064,2022-04-13 03:00:36,0
"485",-2.16986811100676,0.301663404346244,-0.716020218123643,-0.16211443759413,-0.230343862096906,-0.252145906153221,-0.627768067637871,-0.336253750544413,2.66528093562122,2022-04-13 04:00:35,0
"486",-2.24606273612556,0.762534691452723,-0.715927799152704,-0.16211443759413,-0.230343862096906,-0.252620801753052,-0.627768067637871,-0.336253750544413,2.77037998362991,2022-04-13 05:00:36,0
"487",-2.35990050832589,0.593599202324843,-0.715677467307927,-0.16211443759413,-0.230343862096906,-0.252131343647588,-0.627768067637871,-0.336253750544413,2.92339128475285,2022-04-13 06:00:36,0
"488",-2.46746601624238,-0.446117694092732,-0.715709416884992,-0.16211443759413,-0.230343862096906,-0.252070587278826,-0.627768067637871,-0.336253750544413,3.06783271083244,2022-04-13 07:00:35,0
"489",-2.54366064136118,-0.297286151549258,-0.715741643396003,-0.16211443759413,-0.230343862096906,-0.252048107350756,-0.627768067637871,-0.336253750544413,3.1720271797663,2022-04-13 08:00:35,0
"490",-2.54276187178393,-0.5441828753969,-0.715695662323603,-0.16211443759413,-0.230343862096906,-0.252023960707518,-0.627768067637871,-0.336253750544413,3.17193904656304,2022-04-13 09:00:36,0
"491",-2.55351842257558,-0.906404564147338,-0.71555760377154,-0.16211443759413,-0.230343862096906,-0.251943825889569,-0.627768067637871,-0.336253750544413,3.18423322414653,2022-04-13 10:00:35,0
"492",-2.57503152415887,-0.83693685724812,-0.715603410057915,-0.16211443759413,-0.230343862096906,-0.251858655483817,-0.627768067637871,-0.336253750544413,3.21561349590078,2022-04-13 11:00:36,0
"493",-2.53290409056954,-0.537052987364058,-0.715505226930889,-0.16211443759413,-0.230343862096906,-0.253776780859735,-0.627768067637871,-0.336253750544413,3.15747307279454,2022-04-13 12:00:36,0
"494",-2.54454984955996,-0.759521078443439,-0.678628834804441,-0.16211443759413,-0.230343862096906,-0.249167667226481,-0.627768067637871,-0.336253750544413,3.17210170398113,2022-04-13 13:00:35,0
"495",-2.3930689302781,-0.108090871289806,-0.257520464708424,-0.16211443759413,-0.230343862096906,-0.225010119845569,-0.627768067637871,-0.336253750544413,2.96826968216175,2022-04-13 14:00:35,0
"496",-2.24964825305611,-0.415883851942539,-0.0381489911905699,-0.16211443759413,-0.230343862096906,-0.388715311985015,-0.627768067637871,-0.336253750544413,2.77523270022299,2022-04-13 15:00:36,0
"497",-1.94129379702883,0.137559096180508,0.805483381721652,-0.16211443759413,-0.230343862096906,-0.146462402340415,-0.627768067637871,-0.336253750544413,2.35609530547827,2022-04-13 16:00:35,0
"498",-1.5675012666744,-1.11469080143462,1.3949047158424,-0.16211443759413,-0.230343862096906,0.00716300602068121,-0.627768067637871,-0.336253750544413,1.85123873783368,2022-04-13 17:00:35,0
"499",-0.866537487441171,-1.11469080143462,1.51243181826948,-0.16211443759413,-0.230343862096906,-0.33182855562739,-0.627768067637871,-0.336253750544413,0.903300509586016,2022-04-13 18:00:36,0
"500",-1.23583616990931,-1.11469080143462,1.3057052036219,-0.16211443759413,-0.230343862096906,0.135900937621979,-0.627768067637871,-0.336253750544413,1.40184389732937,2022-04-13 19:00:35,0
"501",-0.11626567937902,-1.11469080143462,0.888980431002969,-0.16211443759413,-0.230343862096906,0.159777345234631,-0.627768067637871,-0.336253750544413,-0.112133672660781,2022-04-13 20:00:36,0
"502",1.06516692992636,-1.11469080143462,1.48235975377526,-0.16211443759413,-0.230343862096906,0.126179760162953,-0.627768067637871,-0.336253750544413,-0.889784741846561,2022-04-13 21:00:35,0
"503",0.492382990615657,-1.11469080143462,1.80937355643621,-0.16211443759413,-0.230343862096906,0.21041082897686,-0.627768067637871,-0.336253750544413,-0.889784741846561,2022-04-13 22:00:35,0
"504",-0.220245670364962,-1.11469080143462,1.29499759051667,-0.16211443759413,-0.230343862096906,0.202519650510646,-0.627768067637871,-0.336253750544413,0.0285951085385964,2022-04-13 23:00:36,0
