"","datetime","tempC","windMS","irradiance","rainmm","intensity","rockfall","solarInsol24","sumrain24","sumrain6","FP"
"1",1648080036,13.1406111111111,2.75170995574232,232.392388794927,0.07,0,0,0,0.23,0.07,0
"2",1648083635,3.57294444444444,3.17877419643256,30.0539041866148,0,0,0,131.186695616745,0.16,0,0
"3",1648087236,2.02838888888889,1.02570521704144,2.707760728834,0,0,0,147.572078305708,0.16,0.16,0
"4",1648090835,1.56772222222222,2.77924806652063,0.232914081742609,0,0,0,149.042007283939,0.16,0.16,0
"5",1648094435,1.94272222222222,0.331172604944343,0.340472085289059,0,0,0,149.328700367455,0.16,0.16,0
"6",1648098036,0.0312777777777779,0.765076668603871,0.344394808492892,0,0,0,149.671228934748,0.16,0.16,0
"7",1648101636,0.3125,0.917251553489204,0.181880415260358,0,0,0,149.934366546625,0.16,0.16,0
"8",1648105235,-0.161444444444445,1.73901381376011,0.282613034560431,0.16,0.160044456793554,0,150.166548758556,0.16,0.16,0.161399598765433
"9",1648108835,-0.932277777777778,1.0097456301131,0.372868407671551,0,0,1,150.494289479672,0,0,0.932277777777778
"10",1648112436,-0.463555555555555,1.3250033528544,0.316230660045263,0,0,1,150.838934721734,0,0,0.463684320987654
"11",1648116035,-1,2.53082390808708,0.323401388059964,0,0,0,151.158661908002,0,0,0.999722222222224
"12",1648119635,-1.6875,1.83271491796683,0.334142628843,0,0,0,151.487433916454,0,0,1.6875
"13",1648123236,-1.9375,0,0.2793781151019,0,0,1,151.794279499641,0,0,1.93803819444444
"14",1648126835,-3.48438888888889,2.12928606553713,0.428306240204094,0,0,1,152.1480233878,0,0,3.48342100308642
"15",1648130435,-4.07288888888889,0.676382493629577,30.20273714233,0,0,0,167.463545079067,0,0,4.07288888888889
"16",1648134036,-4.33855555555555,1.47217130850731,70.600596613094,0,0,0,217.879212419801,0,0,4.33976070987654
"17",1648137635,-2.61977777777778,3.24019848898029,563.954281494712,0,0,0,535.068518851744,0,0,2.6190500617284
"18",1648141235,-3.20833333333333,2.66766507219813,657.248955564081,0,0,0,1145.67013738114,0,0,3.20833333333333
"19",1648144836,-2.17711111111111,0.497429478295856,860.084998067467,0,0,0,1904.54785502381,0,0,2.17771586419753
"20",1648148435,-2.08333333333333,3.99718360230676,799.048970167142,0,0,0,2733.88440386775,0,0,2.08275462962963
"21",1648152035,-1.30205555555555,0.396575618042827,362.489122884603,0,0,0,3314.65345039362,0,0,1.30205555555555
"22",1648155636,-0.901055555555556,3.32147167955653,820.459463177749,0,0,0,3906.29204183953,0,0,0.901305848765433
"23",1648159235,0.859388888888889,3.93079708525191,453.517475892456,0,0,0,4543.10357013309,0,0,0
"24",1648162835,2.23438888888889,2.51253967544369,108.298823703337,0,0,0,4824.01171993099,0,0,0
"25",1648166436,5.67188888888889,1.64334570164066,278.825052642163,0,0,0,5017.62742530878,0,0,0
"26",1648170035,2.50522222222222,0.337744199561894,70.3322889631555,0,0,0,5060.97090641948,0,0,0
"27",1648173635,-2.36977777777778,1.01095265769592,3.57095520387513,0,0,0,5081.53714581403,0,0,2.36977777777778
"28",1648177236,-2.90105555555556,1.69784076176852,0.385694312461523,0,0,0,5081.75939804511,0,0,2.90186140432099
"29",1648180836,-4.65105555555555,0,0.405582556326855,0,0,0,5081.81250791221,0,0,4.65105555555555
"30",1648184435,-7.07811111111111,0.335196030220394,0.459386488310916,0,0,0,5082.24487229994,0,0,7.0761449691358
"31",1648188036,-7.17711111111111,0.199517188966874,0.468282887974453,0,0,0,5082.44569821917,0,0,7.17910475308643
"32",1648191635,-6.29166666666667,1.06656533595601,0.366980547611032,0,0,0,5082.63103171622,0,0,6.28991898148148
"33",1648195235,-7.22916666666667,0.204211185122267,0.439915906349407,0,0,0,5082.70673922209,0,0,7.22916666666667
"34",1648198836,-7.125,0.349814475390049,0.448757009156568,0,0,0,5082.80655386457,0,0,7.12697916666667
"35",1648202435,-8.1875,0,0.433070588904163,0,0,1,5082.92761800128,0,0,8.18522569444447
"36",1648206036,-8.125,0,0.399332830203547,0,0,1,5082.70831773078,0,0,8.12725694444442
"37",1648209635,-7.32811111111111,0,0.439942138027572,0,0,1,5083.12783864893,0,0,7.32607552469138
"38",1648213235,-7.3125,0,0.45235560388921,0,0,0,5083.22024363173,0,0,7.3125
"39",1648216836,-6.41144444444445,0.0380437212213331,20.2208458877738,0,0,1,5027.82852662354,0,0,6.41322540123455
"40",1648220435,-3.59894444444444,0.743976038267245,136.046157854896,0,0,1,5105.94032474436,0,0,3.59794473765433
"41",1648224035,-1.97916666666667,0.912736376234968,293.3402171702,0,0,1,5003.44420582496,0,0,1.97916666666667
"42",1648227636,-1,0.692163261656757,431.866325729737,0,0,0,3996.66886423382,0,0,1.00027777777778
"43",1648231236,0.35938888888889,0.105905494210738,656.718156541676,0,0,0,4540.96110536953,0,0,0
"44",1648234835,2.05727777777778,0.250033528543967,679.154609546993,0,0,0,4379.37540168575,0,0,0
"45",1648238435,3.38544444444445,0.634762394385087,779.248999016292,0,0,0,4527.80815944152,0,0,0
"46",1648242036,3.51561111111111,1.22705529974518,724.573692474784,0,0,0,4688.28977800385,0,0,0
"47",1648245635,7.98955555555556,0.143368054003308,552.997259458911,0,0,0,4690.08628526715,0,0,0
"48",1648249235,11.6666666666667,0.0691135052975099,362.450483492978,0,0,0,4866.90200694519,0,0,0
"49",1648252836,9.51561111111111,0.308864947024901,180.904627075326,0,0,0,4945.03932283913,0,0,0
"50",1648256435,2.79166666666667,0.179221243685458,61.5623722528982,0,0,0,4891.70896980367,0,0,0
"51",1648260036,0.291666666666666,0.191962090392955,3.51227832197539,0,0,0,4885.32483686069,0,0,0
"52",1648263636,-0.208333333333333,0.373507979793464,0.337378802516334,0,0,0,4887.24966542293,0,0,0.208333333333333
"53",1648267235,-0.692722222222222,0.101926773659976,0.25089905417553,0,0,1,4887.14808421162,0,0,0.692529799382718
"54",1648270835,-1.48438888888889,0.0741651392552193,0.376527506195904,0,0,0,4887.02943310408,0,0,1.48438888888889
"55",1648274436,-0.708333333333333,0.773257633331843,0.358682994847165,0,0,0,4886.93317693606,0,0,0.70853009259259
"56",1648278036,-0.973944444444444,0.256694532612097,0.395851244561224,0,0,0,4886.4894801198,0,0,0.973944444444444
"57",1648281635,-1.69788888888889,0,0.385415595799403,0,0,0,4886.8800050307,0,0,1.69741725308642
"58",1648285236,-1.63022222222222,0.512852608520721,0.2687192190644,0,0,1,4886.76270340564,0,0,1.63067506172839
"59",1648288836,-1.46877777777778,0.697527828691493,0.288138066353176,0,0,1,4886.18402340424,0,0,1.46877777777778
"60",1648292435,-1.96877777777778,0.2872278599848,0.362491073931678,0,0,1,4886.50924760922,0,0,1.96823089506173
"61",1648296036,-2.42188888888889,0.118109884214761,0.390889455684564,0,0,0,4886.02037272111,0,0,2.42256163580246
"62",1648299636,-2.4375,0.117662836961867,0.359055673496844,0,0,1,4876.05587326188,0,0,2.4375
"63",1648303235,-2.67188888888889,0,24.406842010473,0,0,0,4888.43538239585,0,0,2.67114669753087
"64",1648306836,-0.5625,0,128.112824796843,0,0,0,4671.91141345321,0,0,0.562656249999998
"65",1648310436,0.374999999999998,0.308462604497295,311.074480160014,0,0,0,4528.80107135071,0,0,0
"66",1648314035,0.625,2.05351155617149,519.766232134867,0,0,0,4944.10603295478,0,0,0
"67",1648317635,2.6875,1.88832759622692,389.569628934488,0,0,0,4854.48172235375,0,0,0
"68",1648321236,4.91666666666667,0.465107961911574,475.2282427031,0,0,0,3890.04811954625,0,0,0
"69",1648324835,5.32288888888889,1.24091376458492,685.614991212103,0,0,0,4470.30850827692,0,0,0
"70",1648328436,4,0.179131834234879,182.136168850006,0,0,0,4152.18439929418,0,0,0
"71",1648332036,5.76561111111111,1.33072555769145,439.727496735102,0,0,0,3366.78432505393,0,0,0
"72",1648335635,2.1875,1.50055880906612,89.185310934291,0,0,0,3631.16726877645,0,0,0
"73",1648339235,1.78977777777778,0.96673968438464,39.7259725941059,0,0,0,3423.86988926892,0,0,0
"74",1648342836,1.77083333333333,0.820778756314543,41.9300166480215,0,0,0,3310.96303787427,0,0,0
"75",1648346435,0.812499999999999,0.468147883231258,3.67535414969837,0,0,0,3333.75938919385,0,0,0
"76",1648350035,0.187499999999999,0.569404086011892,0.305511373523993,0,0,0,3333.82499339321,0,0,0
"77",1648353636,-0.614611111111112,0.32969734900979,0.272089033939731,0,0,0,3333.50610331595,0,0,0.614781836419756
"78",1648357236,-0.489611111111111,0.708033439134517,0.383369420874287,0,0,0,3333.46612518027,0,0,0.489611111111111
"79",1648360835,-0.713555555555556,0.985068621753319,0.328646532864816,0,0,0,3333.82203426603,0,0,0.71335734567901
"80",1648364435,-1.03127777777778,0.200277169296795,0.362287046457191,0,0,0,3333.79023393599,0,0,1.03127777777778
"81",1648368036,-1.72916666666667,0.415217488488533,0.337686980408193,0,0,0,3333.42263499765,0,0,1.72964699074075
"82",1648371635,-1.96355555555556,0.281192722070723,0.346575744439875,0,0,1,3333.76467132358,0,0,1.96301012345678
"83",1648375235,-2.24477777777778,0.405874200903035,0.281198234939822,0,0,1,3333.80012967057,0.06,0,2.24477777777778
"84",1648378836,-2.29166666666667,0.964727971746614,0.350181251958992,0,0,1,3333.41388799963,0.08,0,2.29230324074075
"85",1648382435,-2.59372222222222,0.275738745585408,0.366165034275642,0,0,1,3333.77196165021,0.08,0,2.59300174382715
"86",1648386035,-2.55727777777778,0.89843086414234,0.445756366284944,0,0,1,3333.8029497859,0.08,0,2.55727777777778
"87",1648389636,-2.23438888888889,0.388796995842461,33.4641496256714,0,0,0,3262.10208666636,0.08,0,2.23500955246915
"88",1648393235,-0.760388888888889,0.619652197237248,194.141912054771,0,0,0,3375.87350555357,0.08,0,0.760177669753083
"89",1648396835,1.11977777777778,0.441682685859895,364.986144983515,0,0,1,3435.84388159428,0.08,0,0
"90",1648400436,2.63022222222222,0.891948678975368,477.633725880663,0,0,1,2987.29795542525,0.08,0,0
"91",1648404036,5.07288888888889,0.204881756001609,619.231437983335,0,0,0,3103.21149072295,0.08,0,0
"92",1648407635,4.95833333333333,0.666905091868211,681.747851008668,0,0,0,3753.52044365103,0.08,0,0
"93",1648411236,7.39583333333333,1.02302293352407,745.789815904569,0,0,0,3453.23105647188,0.08,0,0
"94",1648414835,9.76038888888889,2.20631230721087,615.680900201131,0,0,0,4133.77732136971,0.08,0,0
"95",1648418435,12.7760555555556,0.599669185032858,571.242750976005,0,0,0,4416.30731416573,0.08,0,0
"96",1648422036,9.91666666666667,0.815548303455675,260.31442833895,0,0,0,4503.36281238917,0.08,0,0
"97",1648425636,12.625,0.683043497697707,227.245412187771,0,0,0,4706.30339692185,0.2,0,0
"98",1648429235,9.92188888888889,0.84183468192588,77.8516219240074,0,0,0,4858.80953938967,1.9,0,0
"99",1648432835,4.27605555555555,0.215387366444633,6.15517240805805,0,0,0,4878.01658523612,2.2,0,0
"100",1648436436,3.22916666666667,1.38817112968841,0.289090188007997,0,0,0,4878.960298383,2.26,0,0
"101",1648440035,3.24477777777778,0.868210469846663,0.340206613984196,0,0,0,4879.27485938166,2.26,0.06,0
"102",1648443635,2.8125,0.456211721578971,0.306794188727398,0,0,0,4879.27063055561,2.26,0.08,0
"103",1648447236,2.44272222222222,1.0958916357459,0.280408522333173,0,0,0,4878.86293759165,2.26,0.08,0
"104",1648450835,2.11977777777778,0.588269480084045,0.29633803924253,0,0,0,4879.15123076875,2.26,0.08,0
"105",1648454436,2.20311111111111,0.765702534757924,0.291031755438169,0,0,1,4879.09491301318,2.26,0.08,0
"106",1648458036,2,0.835263087308329,0.250494179150332,0.06,0,1,4878.70975266485,2.26,0.08,0
"107",1648461635,1.19794444444445,0.164692207966382,0.307091177019207,0.02,0,1,4878.98846790052,2.2,0.02,0
"108",1648465235,2.14061111111111,0.365639948142519,0.275167601213626,0,0,1,4878.96381985459,2.18,0,0
"109",1648468836,1.39061111111111,1.19795252358174,0.303526330933167,0,0,0,4878.48921284397,2.18,0,0
"110",1648472435,0.718722222222223,0,0.402510987603502,0,0,1,4878.84213344249,2.18,0,0
"111",1648476036,0.208333333333333,0.515669006213957,25.867483625656,0,0,0,4875.02111665434,2.18,0,0
"112",1648479636,1.57955555555556,0,127.03784996391,0,0,1,4558.13833604277,2.18,0,0
"113",1648483235,2.33855555555556,0.116232285752604,107.385530070771,0,0,0,4675.31746725733,2.18,0,0
"114",1648486836,3.86455555555556,1.09951271849434,551.823611962277,0,0,1,4583.58662912943,2.18,0,0
"115",1648490435,6.50522222222222,0.596271625910859,366.902441623596,0,0,1,4494.38947314959,2.18,0.12,0
"116",1648494035,7.10938888888889,0.234297465242076,849.064531949123,0,0,0,4452.06400700786,2.18,1.82,0
"117",1648497635,6.45311111111111,0.203048862264741,494.63376664888,0,0,0,4409.94605372984,2.18,2.12,0
"118",1648501236,5.36977777777778,2.12427913630471,148.308816595062,0,0,1,3457.49855244642,2.18,2.18,0
"119",1648504835,7.89583333333333,2.22687648084403,438.072986696384,0,0,0,3750.60801217502,2.18,2.18,0
"120",1648508435,5.30727777777778,2.83991237873843,130.386637943137,0.12,0.545151430953042,0,3618.94374078462,2.18,2.18,0
"121",1648512036,4.95311111111111,1.61142652778399,66.6475698925147,1.7,0.545151430953042,0,3473.70829030128,2.06,2.06,0
"122",1648515635,4.88544444444444,1.20117126380258,56.3572321606075,0.3,0.545151430953042,0,3382.68746485974,0.36,0.36,0
"123",1648519236,2.54688888888889,0.120032187402208,4.37339458101709,0.06,0.545151430953042,1,3367.83478953929,0.06,0.06,0
"124",1648522836,2.86977777777778,0.894809781393893,0.299731165348855,0,0,0,3370.17135241247,0,0,0
"125",1648526435,1.57811111111111,0.104206714649738,0.245264058701513,0,0,1,3370.12921333205,0,0,0
"126",1648530036,-2.53644444444444,4.05266216639099,0.350232760301025,0,0,0,3369.80986113662,0,0,2.53714901234569
"127",1648533635,-4.35938888888889,3.7959229290536,0.423219314345276,0,0,0,3370.19647975005,0,0,4.35817794753085
"128",1648537235,-4.9375,1.61790871295096,0.441080632847789,0,0,0,3370.34033654655,0,0,4.9375
"129",1648540836,-5.19272222222222,1.45719522553534,0.412801503720237,0,0,1,3370.47362973309,0,0,5.19416464506175
"130",1648544436,-4.875,0,0.457006117673425,0,0,1,3370.63777057649,0,0,4.875
"131",1648548035,-4.875,0.0574008672716706,0.331240868236164,0,0,1,3370.75306935503,0,0,4.87364583333338
"132",1648551636,-5.1875,0.579775582279047,0.347248242156538,0,0,0,3370.51185141548,0,0,5.18894097222217
"133",1648555235,-5.48961111111111,0.194554964459743,0.460719197047882,0,0,0,3370.91572291738,0,0,5.48808621913586
"134",1648558835,-6.92188888888889,0.367919889132281,0.725372157537335,0,0,0,3371.15584799614,0,0,6.92188888888889
"135",1648562436,-5.44272222222222,0.985470964280925,78.4883877676449,0,0,0,3397.63508395284,0,0,5.44423408950612
"136",1648566036,-2.50522222222222,0.721802494523671,229.161132290518,0,0,0,3475.00717718714,0,0,2.50522222222222
"137",1648569635,0.442722222222223,0.494836604229067,432.356010185766,0,0,0,3688.49473982982,0,0,0
"138",1648573236,4.89061111111111,0,608.275147136571,0,0,1,3879.25872275437,0,0,0
"139",1648576836,2.68227777777778,0.306853234386875,726.208516075647,0,0,1,3479.28164162196,0,0,0
"140",1648580435,1.55727777777778,0.515803120389825,807.664631561635,0,0,0,4246.00517750343,0,0,0
"141",1648584035,5.10416666666667,0.114444096741026,812.596199835637,0,0,0,4384.28644390306,0.9,0,0
"142",1648587636,2.73438888888889,0.573382806562654,755.840479826865,0,0,0,4847.16203295907,0.9,0,0
"143",1648591236,7.71872222222222,1.36255532209755,636.849260195993,0,0,0,4966.16763092213,0.9,0,0
"144",1648594835,8.93227777777778,2.6843399347311,475.754741941861,0,0,0,5522.31510365743,1.36,0,0
"145",1648598436,14.7708333333333,0.594036389646386,283.863629827562,0,0,0,5803.68532231375,1.42,0,0
"146",1648602035,9.47394444444445,0.517859537753141,85.2343241186402,0,0,0,5926.69771865586,1.42,0,0
"147",1648605635,1.64583333333333,0,6.49658709287031,0,0,0,5942.18942608154,1.47,0,0
"148",1648609236,-0.145833333333333,0,0.35856192874312,0,0,0,5943.28138982319,1.68,0,0.145873842592591
"149",1648612835,-0.00522222222222189,0.857302516876034,0.324974525848004,0,0,0,5943.35064119662,1.89,0,0.00522077160493799
"150",1648616436,-0.786444444444445,0,0.295088023551393,0,0,0,5943.36292747373,1.89,0,0.786662901234561
"151",1648620035,-0.0781111111111106,0,0.3567811153486,0,0,0,5943.30215289237,1.89,0,0.0780894135802472
"152",1648623635,-1.01038888888889,0.236845634583576,0.390558210592728,0,0,0,5943.24367258175,1.89,0,1.01038888888889
"153",1648627236,-0.697888888888889,0,0.404620152070761,0,0,1,5943.21431254149,1.89,0,0.698082746913573
"154",1648630835,-1.39583333333333,0.183021145335062,0.325245901036608,0,0,0,5943.14424038707,1.95,0,1.39544560185187
"155",1648634435,-2.30727777777778,0.058205552326881,0.350184536537113,0,0,1,5943.08794159165,1.95,0,2.30727777777778
"156",1648638036,-2.5,0.429701819482319,0.348456276785365,0,0,1,5943.09802024196,1.95,0,2.50069444444442
"157",1648641635,-2.625,1.15204077070946,0.337868773484257,0,0,1,5943.03721594227,1.95,0,2.62427083333336
"158",1648645235,-2.83333333333333,0.447047252894631,0.697052173435214,0,0,1,5942.96163073843,1.95,0,2.83333333333333
"159",1648648836,-2.41144444444444,0.267513076132147,62.6374312611124,0,0,1,5935.01978703805,1.95,0.9,2.41211429012343
"160",1648652436,-1.68227777777778,1.56707944029684,215.503640170446,0,0,1,5920.26556272475,1.95,0.9,1.68227777777778
"161",1648656035,-0.92188888888889,1.06164781617417,177.637996105178,0,0,0,5786.11508400028,1.95,0.9,0.921632808641985
"162",1648659635,2.19272222222222,0.162188743350172,526.61377480385,0,0,0,5617.78085868844,1.95,1.36,0
"163",1648663236,2.79166666666667,1.9393356877822,418.752845430389,0,0,0,5423.35363811893,1.95,1.42,0
"164",1648666835,4.1875,0.406008315078904,829.24291361543,0.9,0.210058349541539,0,5280.45464901606,1.95,1.42,0
"165",1648670435,5.80205555555556,0.361303589789441,857.993343975061,0,0.210058349541539,0,5313.94236211267,1.05,0.57,0
"166",1648674036,4.36461111111111,0.670526174616657,455.944807142091,0,0.210058349541539,0,5186.65775082214,1.05,0.78,0
"167",1648677635,2.48961111111111,3.00688452769458,278.977479734018,0.46,0.210058349541539,1,4857.67195170892,1.05,0.99,0
"168",1648681235,0.348944444444446,4.15771827082123,145.234516788439,0.06,0.210058349541539,0,4513.63047723485,0.59,0.53,0
"169",1648684836,-0.588555555555556,1.66618981626358,89.1961042638571,0,0.210058349541539,0,4250.96365913313,0.53,0.47,0.588719043209871
"170",1648688436,-0.750000000000001,3.85694487907372,22.7053781407568,0.05,0.210058349541539,0,4076.5512313613,0.53,0.47,0.750000000000001
"171",1648692035,-2.48438888888889,0.289150163172247,8.19483647840109,0.21,0.210058349541539,0,4091.9970469744,0.48,0.42,2.48369878086422
"172",1648695636,-3.125,0.433859358934239,0.39636310310727,0.21,0.210058349541539,0,4092.86531337248,0.27,0.27,3.12586805555553
"173",1648699235,-3.3125,1.51709955742322,0.405256170765146,0,0,0,4092.92433838173,0.06,0.06,3.31157986111114
"174",1648702835,-3.74477777777778,2.2286646698556,0.392970553992969,0,0,0,4093.01333434961,0.06,0.06,3.74477777777778
"175",1648706436,-3.70311111111111,0.852384997094193,0.4425233196535,0,0,0,4092.73168363221,0.06,0.06,3.70413975308638
"176",1648710036,-3.59894444444444,0.251240556126783,0.373466288167038,0,0,0,4092.74197881335,0.06,0.06,3.59894444444444
"177",1648713635,-4.14061111111111,0.169073271044749,0.408999148712229,0.06,0,0,4093.13310285604,0.06,0.06,4.13946094135806
"178",1648717235,-4.71022222222222,0.23894675667218,0.428622152253336,0,0,0,4093.18708185025,0,0,4.71022222222222
"179",1648720836,-4.77083333333333,1.60038446063749,0.375500869118459,0,0,0,4092.90212238579,0,0,4.77215856481477
"180",1648724435,-4.94272222222222,0.491304930931199,0.433996364087415,0,0,0,4093.30675857223,0,0,4.94134924382721
"181",1648728035,-5.23961111111111,1.24297018194823,0.496084476702889,0,0,1,4093.42873179041,0,0,5.23961111111111
"182",1648731636,-5.92705555555556,1.4399839062989,0.953585450003895,0,0,0,4061.96026945004,0,0,5.92870195987649
"183",1648735235,-5.65622222222222,0,71.5107917012551,0,0,1,4098.18239352885,0,0,5.65465104938277
"184",1648738835,-4.51038888888889,0.362868255174572,168.729316060153,0,0,0,4079.23191169377,0,0,4.51038888888889
"185",1648742436,-4.74477777777778,2.64875497340069,186.668828542263,0,0,0,3708.33824426111,0,0,4.74609577160489
"186",1648746035,-3.47916666666667,2.30426036032009,217.690387709423,0,0,0,3910.46169138469,0,0,3.47820023148151
"187",1648749635,-2.63022222222222,1.05704322946936,874.663627949646,0,0,0,3983.82408817763,0,0,2.63022222222222
"188",1648753236,-1.34894444444444,1.99342840538245,364.982794522771,0,0,0,3136.37679695423,0,0,1.34931915123456
"189",1648756836,-2.14583333333333,6.40699181903527,493.282575706897,0,0,0,2908.35791510061,0,0,2.14583333333333
"190",1648760435,2.10938888888889,0,780.377570098668,0,0,0,3545.01109076092,0,0,0
"191",1648764036,9.94888888888889,1.24556305601502,718.071416448508,0,0,0,3714.97863278987,0,0,0
"192",1648767636,-3.93227777777778,2.32182931735884,205.20156006198,0,0,0,4059.36725071048,0,0,3.93227777777778
"193",1648771280,-0.614611111111112,0.54790111314766,148.110075494375,0,0,0,4182.23145394809,0,0,0.622123024691358
"194",1648774835,-1.5625,1.3398453216505,70.6861905926244,0,0,0,4290.26211032854,0,0,1.54296875000002
"195",1648778436,-3.91144444444444,1.49948589565917,7.52383900825961,0,0,0,4309.63537900707,0,0,3.91253095679009
"196",1648782035,-3.9375,0.735973892440431,0.439045014953444,0,0,0,4313.61571506256,0,0,3.93640625000004
"197",1648785635,-4.10416666666667,1.04850462693907,0.398367061545361,0,0,0,4313.63372279989,0,0,4.10416666666667
"198",1648789236,-4.38022222222222,1.64043989449685,0.465724161809828,0,0,0,4313.24891208422,0,0,4.38143895061724
"199",1648792836,-4.63022222222222,1.79909696454915,0.439228005067428,0,0,0,4313.70138816766,0,0,4.63022222222222
"200",1648796435,-5.06772222222222,0.447539004872815,0.446429842033744,0,0,0,4313.73609927926,0,0,5.06631452160499
"201",1648800035,-5.24477777777778,2.2787339621798,0.398640551319233,0,0,0,4313.76751043326,0,0,5.24477777777778
"202",1648803636,-5.5625,1.53064508918593,0.450106965306495,0,0,0,4313.37101822825,0,0,5.56404513888883
"203",1648807235,-6,2.06303366265814,0.451998086789588,0,0,1,4313.82194546193,0,0,5.99833333333339
"204",1648810836,-6.79166666666667,0,0.448666890521297,0,0,0,4313.40272643611,0,0,6.79355324074068
"205",1648814436,-6.57288888888889,1.92221377799633,0.484070826543986,0,0,1,4313.14405898825,0,0,6.57288888888889
"206",1648818035,-6.76044444444445,0.474853592024677,1.19524030099313,0,0,0,4313.98348131436,0,0,6.75856654320994
"207",1648821635,-6.16144444444444,0,78.7953581016992,0,0,1,4317.7566564369,0,0,6.16144444444444
"208",1648825236,-4.10416666666667,0,183.055861601051,0,0,0,4150.85014747791,0,0,4.10530671296292
"209",1648828835,-1.09372222222222,0.687201037149627,238.107508057565,0,0,0,4361.37333739476,0.12,0,1.09341841049384
"210",1648832435,-1.9375,0.3313514238455,728.002785046164,0,0,0,4642.30503682304,0.8,0,1.9375
"211",1648836036,0.520833333333333,0.817247083016675,1030.48863990865,0,0,0,4355.6225920406,0.8,0,0
"212",1648839635,-1.5625,0.925745451294202,307.603814818003,0,0,0,5024.48297322966,1.29,0,1.56206597222224
"213",1648843235,-0.732944444444444,1.49291430104162,210.555329231534,0,0,0,4854.42986013959,1.29,0,0.732944444444444
"214",1648846836,0.645833333333334,3.33649246725379,617.404697749562,0,0,0,3882.43908122964,1.29,0,0
"215",1648850436,2.70311111111111,3.42406902409585,520.866633165863,0,0,0,4451.57474668735,1.29,0,0
"216",1648854035,1.17188888888889,2.09741159640574,254.76787940071,0,0,0,4377.64778769976,1.29,0,0
"217",1648857636,1.29166666666667,3.07224283606777,195.090768624644,0,0,0,4423.82464764031,1.29,0,0
"218",1648861236,0.609388888888888,1.13317537663731,64.9815390643688,0,0,0,4406.7142677998,1.29,0,0
"219",1648864835,-1.33333333333333,0.453887075863919,8.37476763466584,0,0,0,4443.38223277339,1.29,0,1.33296296296298
"220",1648868435,-1.9375,1.24556305601502,0.327119944897795,0,0,0,4443.75284050768,1.29,0,1.9375
"221",1648872036,-2.25,2.31829764406098,0.37139506047753,0,0,0,4443.25132336374,1.29,0,2.25062499999998
"222",1648875635,-2.54166666666667,1.26442845008717,0.38914873263677,0,0,0,4443.63148962922,1.29,0,2.54096064814817
"223",1648879235,-2.98961111111111,1.76543430640619,0.357405496272691,0,0,0,4443.55229066023,1.29,0,2.98961111111111
"224",1648882836,-3.5625,0.928517144262148,0.415936751135471,0,0,0,4443.07382808039,1.29,0,3.5634895833333
"225",1648886435,-4.04166666666667,0.52371585676606,0.380647549289719,0,0,0,4443.4720095939,1.29,0,4.04054398148152
"226",1648890035,-3.86977777777778,1.2558451428316,0.295635206881698,0,0,0,4443.38565933207,1.29,0,3.86977777777778
"227",1648893636,-4.30211111111111,2.13630470740757,0.409038883295294,0,0,0,4442.83670943386,1.29,0.12,4.30330614197527
"228",1648897235,-4.57294444444445,1.34802628637847,0.440983888366415,0,0,0,4443.26160276098,1.42,0.8,4.57167418209881
"229",1648900835,-5.125,1.9270418883276,0.449988447786729,0,0,1,4443.24072007052,1.42,0.8,5.125
"230",1648904436,-5.36977777777778,0.508516250167643,1.1198212669851,0,0,0,4403.19112142958,1.42,1.29,5.371269382716
"231",1648908036,-5.3125,0.262550851625017,42.261164544288,0,0,0,4293.91963625888,1.42,1.29,5.3125
"232",1648911635,-3.88538888888889,0.0219947248424158,128.050192729981,0.12,0.322589608224507,0,4379.05166054084,1.42,1.29,3.88430961419757
"233",1648915235,-0.802111111111111,0,277.800598322668,0.68,0.322589608224507,0,4371.45386615031,1.3,1.17,0.802111111111111
"234",1648918836,-0.828111111111111,0.468684339934731,199.007393032989,0,0.322589608224507,0,3247.37899121086,0.62,0.49,0.828341141975301
"235",1648922435,0.026055555555556,0.275381107783093,259.021030115112,0.49,0.322589608224507,0,3476.32958772614,0.62,0.49,0
"236",1648926036,1.80727777777778,0.197594885779427,1030.29570996919,0,0,0,3193.22707632393,0.13,0,0
"237",1648929636,2.58333333333333,0.545174124905002,600.446912372365,0,0,0,3594.50337955596,0.13,0,0
"238",1648933235,-1.51561111111111,2.44396262684966,130.250907861464,0,0,0,3959.75080386451,0.13,0,1.51519010802471
"239",1648936836,-2.39583333333333,2.21069337028924,84.9614114355087,0,0,0,3498.25118865519,0.13,0,2.39649884259257
"240",1648940436,1.0625,0.235951540077786,250.326111205131,0,0,0,3053.1936163274,0.13,0,0
"241",1648944035,-2.65622222222222,0.389065224194197,38.0595971524146,0,0,0,3197.34641693557,0.13,0,2.65548438271607
"242",1648947635,4.55727777777778,1.3771737672672,129.675444513283,0,0,0,3151.17778392391,0.13,0,0
"243",1648951236,-3.00522222222222,0.227100004470473,11.141601626554,0,0,0,3180.58695615353,0.13,0,3.00605700617281
"244",1648954835,-4.15627777777778,0.161696991371988,0.442643942549471,0,0,0,3186.37747001509,0.13,0,4.15512325617288
"245",1648958436,-4.90622222222222,0.450623630917788,0.370217337896668,0,0,0,3186.43465903405,0.2,0,4.90758506172835
"246",1648962036,-4.79688888888889,0.0357637802315705,0.437500796363629,0,0,0,3186.08507472125,0.2,0.13,4.79688888888889
"247",1648965635,-4.38538888888889,0.560776074031025,0.424996753791861,0,0,0,3186.516203705,0.2,0.13,4.38417072530868
"248",1648969235,-5.73438888888889,0.505521033573249,0.476737417469999,0,0,0,3186.58029225828,0.31,0.13,5.73438888888889
"249",1648972836,-6.29688888888889,0.153784254995753,0.404211729567593,0,0,0,3186.28456629426,0.42,0.13,6.2986380246913
"250",1648976435,-6.38538888888889,0.578970897223837,0.430827570216743,0,0,0,3186.70196996647,0.54,0.13,6.38361516975315
"251",1648980035,-6.875,1.5918458581072,0.516081503102452,0.13,0.130036121144762,0,3186.82298958664,0.76,0.13,6.875
"252",1648983636,-7.04166666666667,1.85292145379767,0.510812368055104,0,0,1,3186.46619965118,0.75,0,7.04362268518512
"253",1648987236,-7.14061111111111,1.6079842639367,0.498426505132916,0,0,1,3186.18569620126,0.81,0,7.14061111111111
"254",1648990835,-7.58855555555556,0.974831239662032,1.93214595822377,0,0,1,3187.40064485343,0.9,0,7.58644762345687
"255",1648994435,-7.02083333333333,0.503554025660512,23.568019242557,0,0,1,3178.46023454819,0.97,0,7.02083333333333
"256",1648998036,-5.16666666666667,1.03616612275918,183.979024484911,0,0,0,2994.20516258193,0.97,0,5.1681018518518
"257",1649001635,-4.28644444444444,0.55871965666771,366.343104021186,0,0,1,3269.28979320602,0.97,0,4.28525376543214
"258",1649005236,-2.10938888888889,0.875989092047029,605.245000939651,0,0,1,3516.74856946884,0.97,0,2.10997483024689
"259",1649008836,0.203111111111111,1.10934775805803,784.810751230313,0,0,0,3337.98840722693,1.53,0,0
"260",1649012435,0.0468888888888901,1.87603379677232,597.890279318152,0,0,1,4029.14688069136,1.53,0,0
"261",1649016035,0.818166666666668,1.49179668290938,517.933665826533,0,0,1,3771.68754209293,1.53,0,0
"262",1649019636,0.567722222222223,1.59801511019715,601.156935552422,0,0,1,3858.50479747566,1.53,0,0
"263",1649023235,1.79166666666667,0.86181769413027,367.529667176136,0,0,0,4342.71355903401,1.53,0.07,0
"264",1649026836,-0.984388888888888,3.15342661719344,215.344427322109,0,0,0,4466.58779969816,1.53,0.07,0.984662330246931
"265",1649030436,-2.14061111111111,1.35374849121552,99.3575656252006,0,0,1,4395.91847473079,1.53,0.07,2.14061111111111
"266",1649034035,-3.1875,0.630515445482588,41.2109246889462,0,0,0,4466.18319648644,1.53,0.18,3.18661458333327
"267",1649037636,-3.78644444444444,0.393535696723144,8.65973026967375,0,0,1,4420.69736945261,1.53,0.29,3.78749623456797
"268",1649041236,-3.98438888888889,1.75470517233672,0.37532325817237,0.07,0.102028341205891,1,4419.01783881735,1.53,0.41,3.98438888888889
"269",1649044835,-4.4375,2.9295900576691,0.361258565873355,0,0.102028341205891,0,4419.38602742634,1.46,0.56,4.43626736111103
"270",1649048435,-3.75522222222222,3.19719254325182,0.398283468415107,0,0.102028341205891,0,4419.36193937636,1.46,0.68,3.75522222222222
"271",1649052036,-3.5625,3.96580088515356,0.332749400908377,0.11,0.102028341205891,0,4418.84556127398,1.46,0.74,3.5634895833334
"272",1649055636,-3.57811111111111,2.53659081764943,0.368151729086614,0.11,0.102028341205891,0,4418.75541491141,1.35,0.72,3.57811111111111
"273",1649059235,-3.55205555555556,3.13451651839599,0.408854409005426,0.12,0.102028341205891,0,4419.14381006294,1.24,0.68,3.55106887345672
"274",1649062836,-3.85938888888889,1.74013143189235,0.419551534583173,0.22,0.102028341205891,0,4418.66726988224,1.12,0.56,3.8604609413581
"275",1649066435,-3.57288888888889,1.70700523045286,0.322131751433039,0.12,0.102028341205891,0,4419.03800851368,0.9,0.34,3.57189641975302
"276",1649070036,-3.72394444444444,1.60941481514596,0.345172513594089,0.06,0.102028341205891,0,4418.85816376762,0.78,0.22,3.72497887345686
"277",1649073636,-4.36461111111111,0.832267870713934,0.350617939309748,0.09,0.102028341205891,0,4418.70143955747,0.72,0.72,4.36461111111111
"278",1649077235,-4.54688888888889,0.945147302069829,1.74796897501202,0.07,0.102028341205891,0,4418.53549289206,0.63,0.63,4.54562586419745
"279",1649080836,-4.35416666666667,1.45165183959945,29.2622476927437,0,0.102028341205891,0,4317.49247775806,0.56,0.56,4.35537615740749
"280",1649084436,-3.5,2.33457016406634,152.421816652129,0,0.102028341205891,0,4408.33450993049,0.56,0.56,3.5
"281",1649088035,-1.66666666666667,2.82073405158925,313.222088213257,0,0.102028341205891,0,4366.00715897453,0.56,0.56,1.66620370370367
"282",1649091636,-0.276055555555556,1.10094326970361,390.492089315295,0.56,0.102028341205891,0,4232.03299054625,0.79,0.56,0.276132237654326
"283",1649095236,0.140611111111113,3.00330814967142,618.109279238052,0,0,0,4041.30579873794,0.23,0,0
"284",1649098835,0.28127777777778,0.612633555366802,414.636840501569,0,0,0,3866.37694818224,0.23,0,0
"285",1649102436,-0.0312222222222225,3.52666636863516,483.158115097028,0,0,0,3197.78641721336,0.23,0,0.0312308950617292
"286",1649106036,-0.119777777777777,1.60181501184675,715.61660029723,0,0,0,3797.17377491049,0.23,0,0.119777777777777
"287",1649109635,-1.24477777777778,3.57888148777326,356.355871268383,0,0,0,3848.80236406946,0.23,0,1.24443200617282
"288",1649113235,-0.927111111111112,0.976932361750637,159.894666432705,0,0,0,3815.40963093553,0.23,0,0.927111111111112
"289",1649116836,-5.29166666666667,6.00505163395771,198.996348907605,0,0,0,3837.55398810638,0.23,0,5.29313657407417
"290",1649120435,-1.10938888888889,3.77710223970674,176.019672509066,0,0,0,3954.74519150055,0.23,0,1.10908072530862
"291",1649124035,-4.40105555555556,2.39639679914167,17.7260733374111,0,0,1,4026.67581046462,0.23,0,4.40105555555556
"292",1649127636,-5.125,1.15856766060173,0.368494476927715,0,0,0,4031.20808074229,0.23,0,5.12642361111121
"293",1649131235,-4.92711111111111,2.73972908936475,0.386164565517663,0,0,0,4031.21711684076,0.23,0,4.92574246913571
"294",1649134835,-5,6.29688408064732,0.410982151682883,0,0,1,4031.23591918222,0.23,0,5
"295",1649138436,-5.1875,2.72457418749162,0.448233700334715,0,0,1,4031.30002847676,0.23,0,5.18894097222232
"296",1649142035,-5.375,4.10219500201171,0.423478044492854,0,0,0,4031.3853127131,0.23,0,5.37350694444434
"297",1649145635,-5.51044444444445,3.42688542178908,0.450092860330801,0,0,0,4031.43370301398,0.23,0,5.51044444444445
"298",1649149236,-5.59377777777778,2.35392731011668,0.428850144345912,0,0,0,4031.45897856356,0.23,0,5.59533160493838
"299",1649152835,-5.80727777777778,2.91872680942376,0.444856294652244,0,0,0,4031.5249718035,0.23,0,5.80566464506162
"300",1649156436,-5.90105555555555,4.51553489203809,0.373983977650649,0,0,0,4031.60076085381,0.23,0.23,5.90269473765443
"301",1649160036,-6,4.37788904287183,0.49985670774378,0,0,0,4031.68978597005,0.23,0.23,6
"302",1649163635,-6.125,2.08422370244535,1.52804580499886,0,0,0,4031.65445358654,0.23,0.23,6.123298611111
"303",1649167235,-5.92711111111111,2.36979748759444,51.130260959983,0,0,1,4042.47419166062,0.23,0.23,5.92711111111111
"304",1649170836,-5.4375,2.76163440475658,142.357766125797,0,0,0,4048.40304636817,0.23,0.23,5.43901041666677
"305",1649174436,-4.72394444444445,2.48871205686441,197.810756522614,0.23,0.230063906640734,0,3633.77520117976,0.23,0.23,4.72394444444445
"306",1649178035,-4.24477777777778,1.80848495685994,670.370360527456,0,0,0,4067.74517899409,0,0,4.24359867283943
"307",1649181635,-3.40105555555556,2.21565559479637,306.974001740716,0,0,0,4052.1166758515,0,0,3.40105555555556
"308",1649185236,-2.5,2.68849747418302,607.803262647415,0,0,0,3544.38056599153,0,0,2.50069444444449
"309",1649188835,-2.54166666666667,3.67155438329831,378.684169444592,0,0,0,4037.48726989419,0,0,2.5409606481481
"310",1649192435,-0.890611111111112,0.975233582189638,882.37543289484,0,0,0,4068.62971336677,0,0,0.890611111111112
"311",1649196036,-4.21872222222222,1.538379006661,95.0746370158371,0,0,0,3763.52788570841,0,0,4.21989408950625
"312",1649199635,2.71355555555556,1.92158791184228,578.290186710874,0,0,0,4100.11677467958,0,0,0
"313",1649203236,5.14583333333333,0,399.568170081655,0,0,0,4409.68641309201,0,0,0
"314",1649206836,8.45833333333333,0.131253073449864,125.154315532881,0,0,0,4387.71885782623,0,0,0
"315",1649210435,-3.75,1.2244177209531,11.5643454572506,0,0,1,4456.05919961838,0,0,3.74895833333326
"316",1649214035,-4.98438888888889,1.55505386919397,0.449950369884306,0,0,0,4453.01655049036,0,0,4.98438888888889
"317",1649217636,-5.03644444444445,0.45379766641334,0.442878411348981,0,0,0,4452.68729081891,0,0,5.03784345679022
"318",1649221235,-4.97394444444444,0.144753900487282,0.38971834325249,0,0,0,4453.10347355777,0,0,4.97256279320978
"319",1649224835,-5.36455555555555,1.21677321292861,0.441194017363132,0,0,0,4453.08920247653,0,0,5.36455555555555
"320",1649228436,-5.92711111111111,0.124815593008181,0.466157958625699,0,0,1,4452.67048423188,0,0,5.92875753086431
"321",1649232035,-6.60938888888889,0,0.38123632245088,0,0,0,4453.09406367877,0,0,6.60755294753074
"322",1649235635,-6.375,0.420000894094506,0.445008409373554,0,0,1,4453.06759246693,0,0,6.375
"323",1649239236,-6.58855555555556,1.88457239930261,0.505353434203852,0,0,0,4452.69663964807,0,0,6.59038570987667
"324",1649242836,-6.95833333333333,0.347400420224418,0.462900465324042,0,0,1,4453.18076659783,0,0,6.95833333333333
"325",1649246435,-7.24477777777778,0.169073271044749,0.507327148536416,0,0,1,4453.22882530823,0,0,7.24276533950604
"326",1649250036,-7.07294444444445,0.0422459653985426,3.348721968243,0,0,0,4427.81456244326,0,0,7.0749091512347
"327",1649253636,-6.1875,0.373910322321069,51.3687353951847,0,0,0,4358.40240424499,0,0,6.1875
"328",1649257235,-5.15622222222222,0.0881577182708212,114.814761181413,0,0,1,4441.4710714921,0,0,5.15478993827151
"329",1649260835,-4.69788888888889,1.32473512450266,494.172877981823,0,0,1,4575.88062974951,0,0,4.69788888888889
"330",1649264436,-3.45311111111111,1.69703607671331,748.628062119654,0,0,0,4274.81155209351,0,0,3.45407030864204
"331",1649268035,-1.48955555555556,0.958826948008405,621.936983220413,0,0,0,4959.90371850725,0,0,1.48914179012343
"332",1649271635,-2.23438888888889,2.58116142876302,995.45499228154,0,0,0,5311.08402166633,0,0,2.23438888888889
"333",1649275236,-2.28644444444444,4.76762483794537,916.035909083221,0,0,0,5143.45845212375,0,0,2.28707956790128
"334",1649278835,-1.19788888888889,3.73731503419911,864.130440001524,0,0,0,6033.29438133986,0,0,1.19755614197529
"335",1649282435,4.05727777777778,2.17770128302562,735.19719087838,0,0,0,6344.09740487032,0,0,0
"336",1649286036,1.22916666666667,2.94022978228799,92.6533213016439,0,0,0,5932.48375917003,0,0,0
"337",1649289635,8.875,0.937726317671778,347.482049467722,0,0,0,6152.49031464211,0,0,0
"338",1649293235,5.22916666666667,2.54830345567527,109.999278535231,0,0,0,6118.86973583632,0,0,0
"339",1649296836,-0.114555555555555,1.82064464213867,13.6233312904288,0,0,0,6106.35072085035,0,0,0.114587376543211
"340",1649300436,-1.99477777777778,0.595154007778622,0.378411226398499,0,0,1,6112.90505371415,0,0,1.99477777777778
"341",1649304035,-2.63538888888889,1.42228083508427,0.399784395435876,0,0,1,6113.29404344234,0,0,2.6346568364197
"342",1649307635,-2.75,1.41275872859761,0.380352059881496,0,0,0,6113.26792893114,0,0,2.75
"343",1649311236,-3.3125,0.467298493450758,0.426492301984281,0,0,0,6112.80220498437,0,0,3.31342013888895
"344",1649314835,-4.17611111111111,0.330770262416737,0.456813998387857,0,0,1,6113.24373545313,0,0,4.17495108024684
"345",1649318435,-5.14061111111111,0.516071348741562,0.446449426303906,0,0,0,6113.27178771859,0,0,5.14061111111111
"346",1649322036,-5.29166666666667,0.107023112342975,0.389792873191883,0,0,0,6112.8015897307,0,0,5.29313657407417
"347",1649325635,-5.26038888888889,0.891278108096026,0.435851098135198,0,0,1,6113.21429704359,0,0,5.25892766975299
"348",1649329235,-5.59377777777778,1.17126380258393,0.482013385380529,0,0,1,6113.18910233558,0,0,5.59377777777778
"349",1649332836,-5.71355555555556,0.904197773704681,0.437742249535295,0,0,0,6111.23556872301,0,0,5.7151426543211
"350",1649336435,-6.28644444444445,0.160400554338594,5.825576264074,0,0,0,6114.36635807447,0,0,6.28469820987643
"351",1649340035,-5.03644444444445,0,93.0576117926479,0,0,0,6136.44922342112,0,0,5.03644444444445
"352",1649343636,-2.25,0.222718941392105,285.700071642107,0,0,1,5938.31818354358,0,0,2.25062500000004
"353",1649347235,-0.60938888888889,0.0228888193482051,422.415134323836,0,0,0,6292.27743719239,0,0,0.60921961419752
"354",1649350836,0.197944444444443,0.280119808663776,357.869895431198,0,0,0,6060.95524369828,0,0,0
"355",1649354436,1.375,0,753.405286276406,0,0,0,5122.80468038738,0,0,0
"356",1649358035,4.33855555555555,0.418078590907059,807.761295298545,0,0,0,5903.17114248297,0,0,0
"357",1649361636,6.09894444444444,0.181322365774062,573.318830030711,0,0,0,5637.89208630188,0.17,0,0
"358",1649365235,8.45311111111111,0.268541284813805,722.469605446303,0,0,1,5395.77040420823,2,0,0
"359",1649368835,10.9635555555556,0.195404354240243,451.128144804965,0,0,0,5182.90546389391,2.38,0,0
"360",1649372436,10.9947777777778,0.635254146363271,514.023397405949,0,0,0,5251.57504849686,2.38,0,0
"361",1649376035,7.5625,0.692252671107336,134.042084289797,0,0,1,5355.51122477798,2.38,0,0
"362",1649379635,10.4531111111111,1.99669185032858,85.2810944362295,0,0,0,5236.43215013952,2.38,0,0
"363",1649383236,3.77083333333333,2.50677276588135,16.8428538344394,0,0,0,5225.67983343681,2.38,0,0
"364",1649386836,2.26561111111111,2.15333720774286,0.253981838454901,0,0,0,5227.22738001484,2.38,0,0
"365",1649390435,1.875,0.678528320443471,0.331665025909787,0,0,1,5227.13113237899,2.38,0,0
"366",1649394035,1.52605555555555,1.04725289463096,0.261152614330712,0,0,0,5227.03747297145,2.44,0,0
"367",1649397636,1.51561111111111,1.96808082614332,0.328207367489463,0,0,0,5226.92870057526,2.44,0,0
"368",1649401235,1.27605555555556,1.68612812374268,0.312371223202102,0,0,0,5226.80737043261,2.44,0,0
"369",1649404836,1.375,2.80249452367115,0.310587989564208,0,0,1,5226.24906755424,2.44,0,0
"370",1649408435,1.05205555555556,0.970316062407797,0.351244196060217,0,0,1,5226.57989172592,2.44,0,0
"371",1649412035,0.828111111111111,2.1548571684027,0.337169102078166,0,0,1,5226.5113910621,2.44,0,0
"372",1649415636,0.479166666666665,0.472528946309625,0.312520535369042,0,0,0,5225.91738831244,3.72,0,0
"373",1649419236,0.932277777777778,0.593768161294649,0.361860462628299,0,0,0,5226.25457881144,3.84,0,0
"374",1649422835,1.38538888888889,1.43654164245161,3.15527196960524,0,0,1,5224.88186718548,3.84,0,0
"375",1649426436,2.125,1.2393043944745,32.7681817127881,0,0,0,5003.9755424157,3.84,0.17,0
"376",1649430035,3.125,0.526621663909875,201.014831560305,0,0,0,5120.83457918929,3.84,2,0
"377",1649433635,5.18227777777778,2.42800303992132,494.817841061066,0,0,0,5114.79166185117,3.84,2.38,0
"378",1649437236,7.52083333333333,2.90983056909115,757.702379844227,0,0,0,5350.97484564729,3.84,2.38,0
"379",1649440836,7.25,0.948634270642407,644.990124818572,0,0,0,5496.68350712489,3.84,2.38,0
"380",1649444435,5.73438888888889,1.75331932585274,266.460459116816,0.17,0.793553764934704,0,5171.91574663811,3.84,2.38,0
"381",1649448035,5.85416666666667,1.01645133890652,625.193622378436,1.83,0.793553764934704,0,4927.01090803704,3.67,2.21,0
"382",1649451636,4.93227777777778,0.511869104564353,1044.23575671326,0.38,0.793553764934704,0,4527.44434052632,1.84,0.38,0
"383",1649455235,8.35938888888889,2.44324735124503,750.068732101786,0,0,0,5424.34737597706,1.46,0,0
"384",1649458835,8.82811111111111,2.51602664401627,545.664966248608,0,0,0,5589.50440522149,1.46,0.06,0
"385",1649462436,7.4375,2.41016585453082,352.255330105476,0,0,0,5604.9849434346,1.46,0.06,0
"386",1649466036,2.1875,2.90321426974831,61.344776397439,0,0,0,5760.70883866902,1.46,0.06,0
"387",1649469635,-2.20311111111111,2.87451383611248,1.37766000901842,0,0,0,5792.06134542275,1.46,0.06,2.20249913580243
"388",1649473236,-3.5625,1.16639098752738,0.366378329723585,0,0,0,5784.38518898322,1.46,0.06,3.5634895833334
"389",1649476835,-3.75,0.146765613125307,0.451386513332143,0.06,0,0,5784.50121573396,1.46,0.06,3.74895833333326
"390",1649480435,-3.95833333333333,0.724842415843355,0.403643216397333,0,0,0,5784.6323217787,1.4,1.28,3.95833333333333
"391",1649484036,-4.50522222222222,2.00751039384863,0.38429560196895,0,0,0,5784.73163877737,1.4,1.4,4.50647367283959
"392",1649487635,-4.6875,0.407572980464035,0.42330286711312,0,0,0,5784.81512551936,1.4,1.4,4.68619791666658
"393",1649491236,-5.9375,0.574902767222495,0.521107593807177,0,0,0,5784.97589578944,1.4,1.4,5.93914930555567
"394",1649494835,-5.6875,0.945773168223881,0.441279798786336,0,0,0,5785.12613164915,1.4,1.4,5.68592013888878
"395",1649498435,-5.79688888888889,1.07631096606911,0.40586236755509,1.28,0.700194498471798,0,5785.20549608325,1.4,1.4,5.79688888888889
"396",1649502036,-5.9375,0.0932987616791095,0.47502324877661,0.12,0.700194498471798,0,5785.32112618324,0.12,0.12,5.93914930555567
"397",1649505635,-5.90105555555555,0.640484599222138,0.446653850085135,0,0,0,5785.44464622297,0,0,5.89941637345668
"398",1649509235,-5.96355555555556,0.947114309982565,3.12492211564413,0,0,0,5785.47235648033,0,0,5.96355555555556
"399",1649512836,-5.4375,1.07961911574053,48.9427913637121,0,0,0,5793.54672863712,0,0,5.43901041666677
"400",1649516435,-3.33333333333333,1.34699807769681,178.902488834964,0,0,0,5790.57868678506,0,0,3.33240740740735
"401",1649520035,-0.0908888888888883,0.940274487013277,367.086426076248,0,0,0,5715.65680792998,0,0,0.0908888888888883
"402",1649523636,-2.26561111111111,1.0564173633153,306.877774040579,0,0,0,5426.29844253286,0,0,2.26624044753091
"403",1649527236,-2.04688888888889,0.727256471008986,298.786235806947,0,0,0,5027.78419512522,0,0,2.04688888888889
"404",1649530835,-2.74477777777778,2.4454825875095,416.742483203854,0,0,0,4929.85047403306,0,0,2.74401533950612
"405",1649534436,-2.02605555555555,2.01005856319013,423.301580571091,0,0,0,4069.21558322215,0,0,2.02661834876547
"406",1649538036,-3.33333333333333,3.60574902767222,398.73990297798,0,0,0,4480.23632499669,0.08,0,3.33333333333333
"407",1649541635,-1.11977777777778,2.81402834279583,655.696633965074,0,0,0,4110.40510849846,0.08,0,1.11946672839504
"408",1649545236,-0.401055555555556,2.25316285931423,608.076383496535,0,0,0,3645.51543275495,0.08,0,0.401166959876552
"409",1649548835,0.510444444444443,2.99633421252626,341.553818035615,0,0,0,4120.19864043748,0.24,0,0
"410",1649552435,-0.0103888888888884,3.6334212526264,127.206727220767,0,0,0,4147.77885981421,0.24,0,0.0103888888888884
"411",1649556036,-4.94272222222222,1.54003308149671,23.520831519807,0,0,0,4190.93880541701,0.24,0,4.94409520061738
"412",1649559636,-6.15622222222222,0.609817157673566,0.475085818777857,0,0,0,4202.93676408631,0.24,0,6.15622222222222
"413",1649563235,-7.19272222222222,0.114175868389289,0.457644400207579,0,0,0,4202.99423080686,0.24,0,7.19072424382703
"414",1649566836,-7.3125,1.2168179176539,0.473642926425173,0,0,0,4202.63841010564,0.24,0,7.31453125000014
"415",1649570436,-7.88022222222222,0.838750055880907,0.518168798437703,0,0,0,4203.13431596807,0.24,0,7.88022222222222
"416",1649574035,-8.25,0.82681389422862,0.502309817560187,0,0,0,4203.24072647484,0.24,0,8.24770833333318
"417",1649577635,-8.6875,0.432697036076713,0.498891535356587,0,0,0,4203.26899075272,0.24,0,8.6875
"418",1649581236,-9.43227777777778,0.27059770217712,0.520430293492191,0,0,0,4202.87416212507,0.24,0,9.43489785493845
"419",1649584835,-9.94272222222222,0.245071304036837,0.552572318089252,0,0,0,4203.41051440272,0.24,0,9.93996035493809
"420",1649588435,-10.8802222222222,0.128615494657785,0.53688528969899,0,0,0,4203.51467805322,0.24,0,10.8802222222222
"421",1649592036,-12.4947777777778,0.398989673208458,0.544527321135485,0,0,1,4201.80903603325,0.24,0,12.498248549383
"422",1649595635,-11.4322777777778,0.0826143323349278,7.45488001546086,0,0,0,4205.80762867275,0.24,0,11.4291021450615
"423",1649599235,-9.15105555555555,0,129.581139890945,0,0,0,4248.2845502594,0.24,0,9.15105555555555
"424",1649602836,-7.73438888888889,0.0847154544235326,313.125655221032,0,0,0,4082.81398249313,0.24,0.08,7.73653733024706
"425",1649606435,-7.3125,0.421118512226742,542.612077498148,0,0,1,4510.56399638984,0.24,0.08,7.31046874999986
"426",1649610036,-5.9375,1.1094818722339,800.827160819054,0,0,0,4845.39449813422,0.24,0.08,5.93914930555567
"427",1649613636,-5.63538888888889,0.918458581072019,294.848948855383,0,0,0,5090.40054804768,0.24,0.24,5.63538888888889
"428",1649617235,-2.94788888888889,0.139568152353704,1011.80550957494,0,0,0,5385.8813169603,0.24,0.24,2.94707003086414
"429",1649620836,-2.69272222222222,0.877777281058608,1012.97357727532,0.08,0.0600166712975827,0,5978.41337502894,0.24,0.24,2.69347020061734
"430",1649624436,-1.41144444444445,0.79100540927176,1045.47386159866,0,0.0600166712975827,0,6596.6163526914,0.16,0.16,1.41144444444445
"431",1649628035,-0.411444444444445,1.76503196387858,945.353475166217,0,0.0600166712975827,0,7064.68169832456,0.16,0.16,0.41133015432098
"432",1649631636,8.13538888888889,0.858733068085297,746.460555317042,0.16,0.0600166712975827,0,7278.76165497608,0.16,0.16,0
"433",1649635235,-5.13538888888889,1.5396754436944,115.66369874796,0,0,0,7235.02083484632,0,0,5.13396239197521
"434",1649638835,-6.47394444444444,0.821985783897358,19.1932395566459,0,0,0,7068.06903137044,0,0,6.47394444444444
"435",1649642436,-8.11461111111111,0.935178148330278,3.9311852373495,0,0,0,7004.24974173965,0,0,8.11686516975324
"436",1649646035,-8.61461111111111,0.40797532299164,0.520173643827974,0,0,0,6994.47684426666,0,0,8.61221816358008
"437",1649649635,-9.29688888888889,0.389869909249408,0.436912607148583,0,0,0,6994.48915182852,0,0,9.29688888888889
"438",1649653236,-9.93183333333333,1.75765568420582,0.591657146432638,0,0,0,6994.53780655344,0,0,9.93459217592611
"439",1649656836,-10.8228888888889,2.25812508382136,0.52086736138374,0,0,0,6994.59816294492,0,0,10.8228888888889
"440",1649660435,-11.1875,2.24051142205731,0.460526821435477,0,0,0,6994.57862615672,0,0,11.1843923611109
"441",1649664036,-11.6718888888889,1.94362734140999,0.551371038782755,0,0,0,6994.07431246484,0,0,11.6751310802471
"442",1649667635,-11.6771111111111,1.69193973803031,0.524693450604791,0,0,0,6994.61219525614,0,0,11.6738674691356
"443",1649671235,-11.8125,1.65300192230319,0.474930890773842,0,0,0,6994.57565514917,0,0,11.8125
"444",1649674836,-12.5,0.938307479100541,0.649519933588811,0,0,0,6994.05245142957,0,0,12.5034722222225
"445",1649678436,-13.1875,1.34261701461845,0.637328271463319,0,0,1,6994.6958755321,0,0,13.1875
"446",1649682035,-13.5,2.17658366489338,6.78046040821862,0,0,1,6994.40514698401,0,0,13.4962499999997
"447",1649685636,-12.4947777777778,2.21355447270777,125.837416712731,0,0,0,6770.79961013002,0,0,12.498248549383
"448",1649689235,-10.7760555555556,2.21350976798248,372.329635848365,0,0,0,7019.81394654216,0,0,10.7730622067899
"449",1649692835,-8.98438888888889,0.677589521212392,571.48582774082,0,0,0,7063.97166444004,0,0,8.98438888888889
"450",1649696436,-9.48438888888889,2.05194689078636,216.727843593878,0,0,0,6786.2817662867,0,0,9.4870234413582
"451",1649700036,-10.6354444444444,2.26894362734141,385.67551014564,0,0,0,6539.64538831925,0,0,10.6354444444444
"452",1649703635,-10.0989444444444,3.49434485225088,630.99758917079,0,0,0,6394.69498395106,0,0,10.0961391820986
"453",1649707236,-6.19272222222222,3.35571549912826,494.564572217222,0,0,0,5944.96162998029,0,0,6.19444242283962
"454",1649710836,-5.26561111111111,2.26165675711923,580.17101606343,0,0,0,5453.10570468362,0,0,5.26561111111111
"455",1649714435,-4.05727777777778,3.04908578836783,459.093582332715,0,0,0,4977.45649699069,0,0,4.05615075617276
"456",1649718035,-6.82288888888889,2.53265680182395,328.315069313058,0,0,0,4525.01883340105,0,0,6.82288888888889
"457",1649721636,-9.76044444444444,1.62273682328222,148.721535805675,0,0,0,4265.23253433939,0,0,9.76315567901253
"458",1649725235,-10.4531111111111,5.05722204837051,71.579278324861,0,0,0,4375.35234406936,0,0,10.4502074691356
"459",1649728835,-11.2604444444444,3.02999687066923,20.801081631853,0,0,0,4409.97709992505,0,0,11.2604444444444
"460",1649732436,-12.4895555555556,2.69985247440655,0.532069134046488,0,0,0,4417.94303392382,0,0,12.4930248765434
"461",1649736035,-12.5937777777778,3.64584916625687,0.612184999477693,0,0,0,4418.5150020664,0,0,12.5902795061726
"462",1649739635,-13,3.06276543430641,0.562494130302549,0,0,0,4418.58791389759,0,0,13
"463",1649743236,-13.4270555555556,3.02440878000805,0.551956403458106,0,0,0,4418.58903169536,0,0,13.4307852932101
"464",1649746835,-13.875,2.75202288881935,0.56635389297997,0,0,0,4418.65747073604,0,0,13.8711458333331
"465",1649750436,-14.1302222222222,2.2376056149135,0.628785537301876,0,0,0,4418.74911697129,0,0,14.1341472839509
"466",1649754036,-14.75,3.64629621350977,0.566653883691582,0,0,0,4418.3091417198,0,0,14.75
"467",1649757635,-15.2031111111111,2.74187491617864,0.540073065807041,0,0,0,4418.86235148248,0,0,15.1988880246911
"468",1649761236,-15.5,2.24493718986097,0.579390450582861,0,0,0,4418.85985713581,0,0,15.5043055555558
"469",1649764835,-15.7552222222222,1.00196700791274,0.641885562052916,0,0,0,4418.82690141793,0,0,15.7508457716046
"470",1649768435,-16.125,1.6707496982431,4.2195596689743,0,0,0,4417.54975994203,0,0,16.125
"471",1649772036,-15.2187777777778,1.32303634494166,71.8945668795823,0,0,0,4389.2900369127,0,0,15.2230052160497
"472",1649775635,-13.8646111111111,0.828646787965488,185.741537543987,0,0,0,4269.05796992007,0,0,13.8607598302467
"473",1649779235,-12.6041666666667,1.21346506325719,270.995001963031,0,0,0,4025.51850787898,0,0,12.6041666666667
"474",1649782836,-10.1875,0.872815056551478,337.262861522938,0,0,0,3935.51561009242,0,0,10.1903298611113
"475",1649786435,-12.6771111111111,4.2006795118244,615.431756208989,0,0,0,4110.52892339172,0,0,12.6735896913578
"476",1649790035,-11.7187222222222,3.54714113281774,449.865689223729,0,0,0,4134.98230104699,0,0,11.7187222222222
"477",1649793636,-12.3802222222222,3.46980195806697,477.547640780812,0,0,0,4035.88036468423,0,0,12.3836611728397
"478",1649797236,-11.2968888888889,1.70190889176986,639.532647517035,0,0,0,4057.05271469282,0,0,11.2968888888889
"479",1649800835,-8.4375,3.21333094908132,437.108659125147,0,0,0,4075.73587760636,0,0,8.43515624999984
"480",1649804435,-9.96355555555555,2.95542938888641,299.99013126833,0,0,0,4050.58094698021,0,0,9.96355555555555
"481",1649808036,-9.55727777777778,2.83307255576914,216.120984223284,0,0,0,4070.12362918198,0,0,9.55993257716067
"482",1649811635,-12.2343888888889,1.42782422102016,94.1350234070103,0,0,0,4115.08873215499,0,0,12.2309904475306
"483",1649815235,-13.5937222222222,1.76914479860521,30.1434194612838,0,0,0,4131.03777361078,0,0,13.5937222222222
"484",1649818836,-14.8693333333333,1.3695292592427,0.63797718880299,0,0,0,4135.76320880925,0,0,14.873463703704
"485",1649822435,-15.2708333333333,1.62515087844785,0.545442691069499,0,0,0,4135.78278624273,0,0,15.2665914351849
"486",1649826036,-15.7135555555556,2.15396307389691,0.570550544159375,0,0,0,4135.19621824284,0,0,15.7179204320991
"487",1649829636,-16.375,1.9601233850418,0.638559256207605,0,0,0,4135.80077314302,0,0,16.375
"488",1649833235,-17,0.767133085967187,0.629879379347907,0,0,0,4135.87581646143,0,0,16.9952777777775
"489",1649836835,-17.4427222222222,0.937905136572936,0.621124266671168,0,0,0,4135.90358257771,0,0,17.4427222222222
"490",1649840436,-17.4375,0.654611292413608,0.633616139270398,0,0,0,4135.93340733968,0,0,17.4423437500003
"491",1649844035,-17.5,0.23899146139747,0.671123090578949,0,0,0,4136.03238597815,0,0,17.4951388888886
"492",1649847636,-17.625,0.318699986588582,0.658678702838862,0,0,0,4136.13758433031,0,0,17.6298958333337
"493",1649851236,-17.3802222222222,0.66279225714158,0.685352528615501,0,0,0,4133.76840894588,0,0,17.3802222222222
"494",1649854835,-17.4478888888889,0.407528275738746,10.7037180934617,0,0,0,4139.46136244155,0,0,17.4430422530861
"495",1649858435,-16.5677222222222,1.15499128257857,125.108011755713,0,0,0,4169.2995926854,0,0,16.5677222222222
"496",1649862036,-15.7343888888889,0.80182395279181,184.705588673348,0,0,0,3967.09888339364,0,0,15.7387595524694
"497",1649865635,-13.9427222222222,1.43685457552863,413.89876693201,0,0,0,4266.31792170249,0,0,13.9388492438269
"498",1649869235,-11.7708333333333,0,574.029356082187,0,0,0,4456.06857120778,0,0,11.7708333333333
"499",1649872836,-7.69794444444445,0,605.958441548419,0,0,0,4037.36264433179,0,0,7.70008276234582
"500",1649876435,-9.84372222222222,0,549.79614697196,0,0,0,4615.07941712135,0,0,9.84098785493809
"501",1649880036,-3.33855555555556,0,436.582763794227,0,0,0,4644.57039716616,0,0,3.33948293209883
"502",1649883635,3.52605555555555,0,597.788636477475,0,0,0,4603.07229045861,0,0,0
"503",1649887235,0.197944444444443,0,686.629860656189,0,0,0,4707.11041921916,0,0,0
"504",1649890836,-3.94272222222222,0,546.887164389084,0,0,0,4697.36361850891,0,0,3.94381742283958
